OrderID,CustomerID,ProductID,OrderDate,Quantity,DiscountApplied,Returned,PaymentMethod,ShipDate,UnitPrice
O00001,C0117,P046,2024-11-27,3,0.17,No,Credit Card,2024-12-02,79.94
O00002,C0054,P036,2023-04-28,1,0.04,No,PayPal,2023-05-04,70.5
O00003,C0118,P045,2024-11-29,4,0.13,No,Credit Card,2024-12-03,101.5
O00004,C0003,P008,2024-07-03,2,0.19,No,Credit Card,2024-07-10,88.11000000000001
O00005,C0144,P029,2023-10-01,1,0.15,No,PayPal,2023-10-03,110.46000000000001
O00006,C0012,P032,2024-10-18,1,0.12,No,Gift Card,2024-10-22,100.69
O00007,C0074,P044,2023-12-15,1,0.3,No,PayPal,2023-12-20,46.43
O00008,C0016,P018,2023-04-25,2,0.26,No,Gift Card,2023-04-29,52.7
O00009,C0102,P006,2023-10-28,4,0.19,No,Gift Card,2023-10-31,98.08
O00010,C0117,P018,2024-03-21,4,0.17,No,Afterpay,2024-03-24,52.7
O00011,C0008,P019,2023-06-11,4,0.19,No,Afterpay,2023-06-16,102.82
O00012,C0122,P022,2024-04-09,3,0.06,No,PayPal,2024-04-16,39.0
O00013,C0092,P037,2023-01-04,3,0.12,No,Credit Card,2023-01-09,109.78
O00014,C0090,P032,2023-09-27,3,0.01,No,PayPal,2023-10-01,100.69
O00015,C0136,P041,2024-05-27,2,0.14,No,Gift Card,2024-05-31,87.18
O00016,C0060,P003,2023-07-02,3,0.16,No,Afterpay,2023-07-05,101.80000000000001
O00017,C0028,P028,2024-06-03,2,0.07,Yes,PayPal,2024-06-10,39.239999999999995
O00018,C0101,P010,2023-04-19,4,0.29,No,PayPal,2023-04-21,54.739999999999995
O00019,C0041,P035,2024-10-02,3,0.27,No,Afterpay,2024-10-08,73.74000000000001
O00020,C0145,P029,2023-11-02,3,0.22,No,Afterpay,2023-11-04,110.46000000000001
O00021,C0141,P015,2024-10-16,1,0.16,No,Afterpay,2024-10-21,76.07
O00022,C0046,P033,2024-06-03,2,0.26,No,Gift Card,2024-06-07,60.5
O00023,C0035,P007,2024-09-15,4,0.04,No,Afterpay,2024-09-17,74.17
O00024,C0134,P012,2023-07-23,1,0.24,No,Credit Card,2023-07-30,72.14
O00025,C0082,P049,2023-06-06,1,0.04,No,PayPal,2023-06-13,98.42
O00026,C0115,P030,2024-01-18,4,0.24,No,Afterpay,2024-01-22,114.87
O00027,C0047,P021,2023-06-15,1,0.08,No,Afterpay,2023-06-16,112.77000000000001
O00028,C0010,P031,2024-07-06,2,0.26,No,Gift Card,2024-07-09,79.25999999999999
O00029,C0056,P024,2024-06-27,2,0.28,No,Gift Card,2024-07-03,39.699999999999996
O00030,C0030,P020,2023-01-01,3,0.04,No,PayPal,2023-01-05,66.98
O00031,C0109,P037,2024-09-05,1,0.14,No,Credit Card,2024-09-11,109.78
O00032,C0005,P004,2023-11-28,3,0.29,No,PayPal,2023-12-05,34.42
O00033,C0119,P028,2024-05-15,1,0.15,No,Afterpay,2024-05-19,39.239999999999995
O00034,C0033,P044,2023-01-20,2,0.26,Yes,Credit Card,2023-01-24,46.43
O00035,C0118,P020,2023-04-25,2,0.18,Yes,Credit Card,2023-05-01,66.98
O00036,C0065,P024,2024-01-07,2,0.11,No,Credit Card,2024-01-14,39.699999999999996
O00037,C0146,P050,2023-11-11,1,0.09,Yes,Credit Card,2023-11-18,76.82
O00038,C0011,P049,2023-09-03,2,0.06,No,PayPal,2023-09-09,98.42
O00039,C0085,P032,2023-03-01,1,0.23,No,Gift Card,2023-03-03,100.69
O00040,C0026,P041,2023-09-04,3,0.12,No,Gift Card,2023-09-08,87.18
O00041,C0063,P036,2024-08-03,1,0.15,No,Afterpay,2024-08-04,70.5
O00042,C0086,P034,2023-03-22,3,0.15,No,Gift Card,2023-03-24,44.849999999999994
O00043,C0059,P036,2023-03-29,1,0.17,No,Gift Card,2023-04-03,70.5
O00044,C0027,P002,2024-05-12,3,0.26,No,Gift Card,2024-05-17,68.91
O00045,C0098,P015,2023-03-12,2,0.29,No,Gift Card,2023-03-15,76.07
O00046,C0105,P034,2024-06-29,3,0.12,No,Afterpay,2024-07-06,44.849999999999994
O00047,C0099,P036,2023-05-09,2,0.25,No,PayPal,2023-05-10,70.5
O00048,C0129,P006,2023-05-12,2,0.23,No,Credit Card,2023-05-19,98.08
O00049,C0149,P039,2024-11-06,3,0.17,No,Gift Card,2024-11-13,112.86
O00050,C0055,P042,2024-05-01,1,0.29,Yes,PayPal,2024-05-05,38.07
O00051,C0006,P012,2024-07-16,1,0.06,No,Gift Card,2024-07-17,72.14
O00052,C0095,P003,2023-06-19,4,0.03,No,Gift Card,2023-06-24,101.80000000000001
O00053,C0133,P045,2023-09-29,1,0.26,No,Credit Card,2023-10-03,101.5
O00054,C0102,P018,2024-06-24,4,0.13,No,Credit Card,2024-06-25,52.7
O00055,C0003,P040,2024-09-13,1,0.25,No,Credit Card,2024-09-19,18.78
O00056,C0023,P021,2024-03-09,1,0.27,Yes,Gift Card,2024-03-11,112.77000000000001
O00057,C0053,P015,2023-08-05,2,0.02,No,Gift Card,2023-08-09,76.07
O00058,C0083,P033,2024-07-06,4,0.27,Yes,Gift Card,2024-07-13,60.5
O00059,C0145,P035,2024-12-07,1,0.13,No,Credit Card,2024-12-13,73.74000000000001
O00060,C0085,P026,2023-07-25,4,0.15,No,Afterpay,2023-07-27,80.43
O00061,C0078,P008,2024-12-31,2,0.19,No,PayPal,2025-01-01,88.11000000000001
O00062,C0110,P036,2023-11-16,2,0.28,No,Afterpay,2023-11-20,70.5
O00063,C0001,P048,2024-02-13,4,0.01,Yes,Gift Card,2024-02-20,49.04
O00064,C0051,P030,2024-11-18,2,0.14,No,Gift Card,2024-11-21,114.87
O00065,C0004,P023,2024-10-27,3,0.21,Yes,Afterpay,2024-10-30,99.33
O00066,C0113,P042,2024-01-18,3,0.22,No,Gift Card,2024-01-23,38.07
O00067,C0032,P044,2024-03-24,2,0.21,No,PayPal,2024-03-30,46.43
O00068,C0034,P014,2024-06-13,3,0.04,No,Gift Card,2024-06-17,118.75
O00069,C0092,P014,2024-04-07,1,0.09,No,PayPal,2024-04-13,118.75
O00070,C0095,P002,2023-05-04,4,0.11,Yes,Afterpay,2023-05-05,68.91
O00071,C0072,P037,2023-09-11,1,0.24,No,Afterpay,2023-09-18,109.78
O00072,C0039,P005,2023-08-19,4,0.08,Yes,Gift Card,2023-08-22,60.28999999999999
O00073,C0118,P038,2023-03-07,2,0.06,No,PayPal,2023-03-14,69.92
O00074,C0003,P045,2023-12-13,1,0.29,No,Gift Card,2023-12-19,101.5
O00075,C0123,P041,2023-01-22,2,0.0,No,Credit Card,2023-01-29,87.18
O00076,C0050,P047,2024-08-25,2,0.3,No,Credit Card,2024-08-30,42.32
O00077,C0012,P014,2024-07-21,4,0.2,No,Credit Card,2024-07-25,118.75
O00078,C0054,P039,2023-08-24,4,0.25,No,Credit Card,2023-08-27,112.86
O00079,C0133,P025,2024-08-25,4,0.09,No,Gift Card,2024-08-31,31.9
O00080,C0057,P020,2023-08-14,1,0.0,No,Credit Card,2023-08-20,66.98
O00081,C0145,P002,2023-01-08,3,0.22,No,PayPal,2023-01-15,68.91
O00082,C0112,P039,2023-03-14,4,0.25,Yes,Afterpay,2023-03-18,112.86
O00083,C0047,P006,2024-12-25,4,0.22,No,Afterpay,2025-01-01,98.08
O00084,C0085,P017,2024-10-08,1,0.04,No,Credit Card,2024-10-13,70.35000000000001
O00085,C0142,P025,2023-03-02,4,0.23,No,Credit Card,2023-03-03,31.9
O00086,C0066,P028,2023-08-23,1,0.23,Yes,Credit Card,2023-08-28,39.239999999999995
O00087,C0075,P002,2023-03-11,2,0.2,No,Gift Card,2023-03-12,68.91
O00088,C0103,P035,2023-02-02,4,0.23,No,Afterpay,2023-02-04,73.74000000000001
O00089,C0038,P037,2023-12-05,4,0.25,Yes,Credit Card,2023-12-11,109.78
O00090,C0050,P005,2023-03-14,2,0.18,No,PayPal,2023-03-20,60.28999999999999
O00091,C0098,P001,2024-06-10,2,0.03,No,Credit Card,2024-06-13,80.36
O00092,C0082,P040,2023-09-01,2,0.15,No,Afterpay,2023-09-03,18.78
O00093,C0030,P012,2023-10-13,4,0.02,Yes,Credit Card,2023-10-19,72.14
O00094,C0079,P036,2024-11-16,3,0.12,No,Afterpay,2024-11-17,70.5
O00095,C0091,P045,2024-05-12,3,0.12,No,Credit Card,2024-05-16,101.5
O00096,C0052,P023,2023-08-08,3,0.02,No,PayPal,2023-08-09,99.33
O00097,C0079,P047,2024-07-06,4,0.1,No,Credit Card,2024-07-13,42.32
O00098,C0030,P031,2023-05-16,2,0.03,Yes,PayPal,2023-05-22,79.25999999999999
O00099,C0106,P011,2024-08-07,4,0.24,No,PayPal,2024-08-13,84.91
O00100,C0051,P010,2024-08-13,2,0.28,No,Credit Card,2024-08-20,54.739999999999995
O00101,C0081,P003,2024-04-29,4,0.02,Yes,PayPal,2024-04-30,101.80000000000001
O00102,C0133,P014,2023-09-06,4,0.29,No,Gift Card,2023-09-10,118.75
O00103,C0029,P016,2024-04-29,2,0.16,No,Credit Card,2024-05-01,83.25
O00104,C0132,P010,2024-02-21,3,0.09,No,Credit Card,2024-02-27,54.739999999999995
O00105,C0138,P029,2023-07-14,2,0.02,Yes,PayPal,2023-07-17,110.46000000000001
O00106,C0145,P010,2023-04-07,1,0.15,No,PayPal,2023-04-08,54.739999999999995
O00107,C0074,P012,2023-04-10,1,0.24,No,Credit Card,2023-04-11,72.14
O00108,C0017,P030,2024-11-05,2,0.21,No,Gift Card,2024-11-08,114.87
O00109,C0084,P041,2024-03-17,4,0.02,Yes,PayPal,2024-03-24,87.18
O00110,C0069,P001,2023-12-29,1,0.02,No,PayPal,2023-12-30,80.36
O00111,C0034,P005,2024-03-09,1,0.12,No,Afterpay,2024-03-12,60.28999999999999
O00112,C0006,P020,2024-02-25,4,0.09,No,Gift Card,2024-02-28,66.98
O00113,C0053,P008,2024-04-23,4,0.07,No,Gift Card,2024-04-26,88.11000000000001
O00114,C0126,P043,2023-02-25,3,0.08,No,Credit Card,2023-03-01,95.89
O00115,C0043,P012,2024-11-20,4,0.24,No,Gift Card,2024-11-22,72.14
O00116,C0115,P001,2024-10-31,2,0.28,No,Credit Card,2024-11-02,80.36
O00117,C0111,P020,2024-10-23,2,0.12,No,Afterpay,2024-10-28,66.98
O00118,C0080,P028,2023-04-11,3,0.27,No,Gift Card,2023-04-15,39.239999999999995
O00119,C0095,P043,2023-03-04,1,0.1,No,PayPal,2023-03-09,95.89
O00120,C0118,P037,2024-02-17,1,0.14,No,Afterpay,2024-02-23,109.78
O00121,C0144,P047,2023-12-14,4,0.07,No,Credit Card,2023-12-21,42.32
O00122,C0008,P037,2023-04-22,2,0.19,No,Afterpay,2023-04-24,109.78
O00123,C0132,P012,2023-09-12,1,0.29,No,Credit Card,2023-09-14,72.14
O00124,C0104,P037,2023-07-16,3,0.18,No,Afterpay,2023-07-18,109.78
O00125,C0132,P049,2023-07-14,3,0.11,No,Credit Card,2023-07-15,98.42
O00126,C0025,P049,2024-07-03,2,0.19,No,Gift Card,2024-07-08,98.42
O00127,C0096,P044,2024-04-04,3,0.04,No,PayPal,2024-04-11,46.43
O00128,C0093,P028,2023-05-24,3,0.27,No,Credit Card,2023-05-28,39.239999999999995
O00129,C0061,P047,2024-03-08,2,0.15,No,Afterpay,2024-03-13,42.32
O00130,C0122,P015,2023-07-07,4,0.13,No,Credit Card,2023-07-13,76.07
O00131,C0051,P006,2023-10-13,4,0.18,No,Credit Card,2023-10-15,98.08
O00132,C0147,P044,2024-04-18,3,0.19,No,Credit Card,2024-04-22,46.43
O00133,C0021,P020,2023-09-13,4,0.02,No,Afterpay,2023-09-18,66.98
O00134,C0005,P050,2023-03-19,4,0.2,No,PayPal,2023-03-21,76.82
O00135,C0092,P014,2024-03-29,3,0.07,Yes,Gift Card,2024-03-31,118.75
O00136,C0061,P002,2024-07-17,4,0.21,No,PayPal,2024-07-21,68.91
O00137,C0022,P009,2023-04-11,3,0.25,No,Credit Card,2023-04-17,85.35
O00138,C0149,P037,2023-02-21,1,0.24,No,Afterpay,2023-02-24,109.78
O00139,C0070,P020,2024-10-29,2,0.17,No,PayPal,2024-11-02,66.98
O00140,C0001,P026,2024-07-07,2,0.16,No,Credit Card,2024-07-10,80.43
O00141,C0133,P029,2023-01-16,4,0.04,No,Gift Card,2023-01-22,110.46000000000001
O00142,C0012,P001,2023-04-06,4,0.23,No,Gift Card,2023-04-07,80.36
O00143,C0090,P035,2023-08-31,4,0.08,No,Gift Card,2023-09-07,73.74000000000001
O00144,C0046,P006,2023-06-20,2,0.15,No,Credit Card,2023-06-24,98.08
O00145,C0034,P037,2024-02-21,1,0.09,No,Afterpay,2024-02-24,109.78
O00146,C0078,P005,2024-05-12,1,0.04,No,PayPal,2024-05-18,60.28999999999999
O00147,C0045,P033,2024-05-07,2,0.19,Yes,Gift Card,2024-05-12,60.5
O00148,C0073,P049,2023-08-07,1,0.02,No,Credit Card,2023-08-09,98.42
O00149,C0026,P014,2024-02-15,2,0.22,No,Credit Card,2024-02-16,118.75
O00150,C0047,P012,2023-03-02,1,0.1,No,PayPal,2023-03-06,72.14
O00151,C0121,P042,2023-06-18,3,0.0,No,Gift Card,2023-06-21,38.07
O00152,C0056,P020,2024-01-24,3,0.15,No,Credit Card,2024-01-29,66.98
O00153,C0094,P050,2023-01-03,2,0.01,No,PayPal,2023-01-06,76.82
O00154,C0107,P024,2024-02-04,1,0.08,No,Afterpay,2024-02-10,39.699999999999996
O00155,C0063,P043,2023-09-29,4,0.21,No,Afterpay,2023-10-03,95.89
O00156,C0048,P034,2024-04-10,1,0.02,No,Afterpay,2024-04-16,44.849999999999994
O00157,C0061,P025,2023-10-20,3,0.25,No,Gift Card,2023-10-23,31.9
O00158,C0081,P050,2024-03-09,3,0.0,Yes,PayPal,2024-03-13,76.82
O00159,C0026,P029,2024-12-14,1,0.07,No,PayPal,2024-12-21,110.46000000000001
O00160,C0036,P039,2024-07-23,1,0.22,No,Credit Card,2024-07-26,112.86
O00161,C0001,P031,2024-11-08,4,0.09,No,Credit Card,2024-11-10,79.25999999999999
O00162,C0008,P047,2024-05-13,4,0.03,Yes,Credit Card,2024-05-17,42.32
O00163,C0113,P043,2023-06-08,1,0.11,No,PayPal,2023-06-15,95.89
O00164,C0099,P050,2023-07-14,1,0.08,No,Credit Card,2023-07-18,76.82
O00165,C0047,P023,2023-10-31,1,0.25,No,PayPal,2023-11-01,99.33
O00166,C0127,P044,2023-08-11,1,0.09,No,PayPal,2023-08-13,46.43
O00167,C0056,P038,2023-03-01,2,0.24,No,Afterpay,2023-03-05,69.92
O00168,C0014,P020,2024-08-16,1,0.27,No,Credit Card,2024-08-21,66.98
O00169,C0028,P023,2024-07-09,4,0.13,No,Afterpay,2024-07-12,99.33
O00170,C0078,P045,2023-03-04,3,0.27,No,Gift Card,2023-03-09,101.5
O00171,C0130,P016,2023-11-18,2,0.11,No,Gift Card,2023-11-21,83.25
O00172,C0109,P050,2023-02-28,1,0.29,No,Gift Card,2023-03-06,76.82
O00173,C0014,P042,2023-02-21,3,0.03,Yes,PayPal,2023-02-24,38.07
O00174,C0056,P008,2024-08-21,2,0.21,No,PayPal,2024-08-22,88.11000000000001
O00175,C0115,P050,2024-05-03,3,0.15,No,PayPal,2024-05-10,76.82
O00176,C0007,P021,2024-05-29,1,0.12,No,Credit Card,2024-06-04,112.77000000000001
O00177,C0003,P001,2024-06-27,1,0.19,No,Afterpay,2024-07-01,80.36
O00178,C0111,P008,2023-06-11,4,0.21,No,PayPal,2023-06-14,88.11000000000001
O00179,C0107,P029,2023-02-28,1,0.0,No,Afterpay,2023-03-01,110.46000000000001
O00180,C0018,P032,2024-06-04,1,0.05,No,Afterpay,2024-06-09,100.69
O00181,C0038,P038,2023-03-24,2,0.21,Yes,Afterpay,2023-03-31,69.92
O00182,C0115,P005,2023-07-10,4,0.2,No,Credit Card,2023-07-16,60.28999999999999
O00183,C0015,P047,2023-03-12,2,0.29,No,Credit Card,2023-03-19,42.32
O00184,C0119,P022,2024-09-01,3,0.23,Yes,Gift Card,2024-09-07,39.0
O00185,C0028,P047,2023-03-11,1,0.29,No,Gift Card,2023-03-12,42.32
O00186,C0039,P034,2024-11-22,3,0.21,No,Afterpay,2024-11-27,44.849999999999994
O00187,C0017,P001,2023-08-29,2,0.09,No,Gift Card,2023-09-04,80.36
O00188,C0086,P026,2024-02-18,1,0.03,No,Afterpay,2024-02-22,80.43
O00189,C0126,P043,2023-05-03,1,0.23,No,Credit Card,2023-05-10,95.89
O00190,C0044,P010,2024-08-06,2,0.19,No,Credit Card,2024-08-09,54.739999999999995
O00191,C0025,P030,2023-09-10,2,0.01,No,Credit Card,2023-09-17,114.87
O00192,C0145,P050,2024-08-15,2,0.11,No,PayPal,2024-08-22,76.82
O00193,C0013,P018,2024-08-31,2,0.29,No,Afterpay,2024-09-02,52.7
O00194,C0025,P017,2023-02-10,2,0.15,No,Credit Card,2023-02-15,70.35000000000001
O00195,C0068,P026,2024-09-26,1,0.13,No,Afterpay,2024-10-03,80.43
O00196,C0138,P008,2023-03-25,2,0.14,No,Gift Card,2023-03-28,88.11000000000001
O00197,C0067,P047,2024-03-05,1,0.06,No,Gift Card,2024-03-07,42.32
O00198,C0109,P040,2024-11-04,1,0.11,No,Credit Card,2024-11-10,18.78
O00199,C0146,P049,2024-08-20,2,0.11,No,Afterpay,2024-08-22,98.42
O00200,C0111,P012,2024-08-01,2,0.02,No,Credit Card,2024-08-06,72.14
O00201,C0111,P027,2024-06-19,4,0.23,Yes,Gift Card,2024-06-22,22.2
O00202,C0034,P008,2023-11-20,1,0.12,No,Credit Card,2023-11-26,88.11000000000001
O00203,C0111,P025,2023-09-25,2,0.25,No,Afterpay,2023-10-02,31.9
O00204,C0008,P046,2023-07-29,2,0.26,No,Gift Card,2023-08-04,79.94
O00205,C0113,P004,2024-11-16,2,0.06,No,PayPal,2024-11-23,34.42
O00206,C0083,P033,2023-11-18,4,0.2,No,Gift Card,2023-11-24,60.5
O00207,C0042,P001,2023-09-02,4,0.14,No,PayPal,2023-09-08,80.36
O00208,C0101,P019,2023-09-29,3,0.26,No,Credit Card,2023-10-06,102.82
O00209,C0006,P031,2024-02-10,1,0.06,Yes,Credit Card,2024-02-12,79.25999999999999
O00210,C0026,P016,2023-05-15,3,0.2,Yes,Afterpay,2023-05-21,83.25
O00211,C0064,P014,2024-11-18,2,0.18,No,PayPal,2024-11-19,118.75
O00212,C0059,P048,2024-10-22,4,0.09,No,Credit Card,2024-10-28,49.04
O00213,C0109,P005,2023-11-04,4,0.04,No,PayPal,2023-11-10,60.28999999999999
O00214,C0121,P041,2024-04-13,3,0.2,No,Credit Card,2024-04-14,87.18
O00215,C0033,P026,2023-11-20,4,0.22,Yes,Gift Card,2023-11-23,80.43
O00216,C0150,P028,2023-03-16,2,0.09,No,Credit Card,2023-03-23,39.239999999999995
O00217,C0021,P002,2023-01-10,4,0.19,No,Afterpay,2023-01-14,68.91
O00218,C0070,P050,2024-04-14,3,0.12,Yes,Gift Card,2024-04-15,76.82
O00219,C0112,P006,2024-09-28,2,0.21,No,Afterpay,2024-10-03,98.08
O00220,C0004,P009,2024-07-30,3,0.06,Yes,Gift Card,2024-08-02,85.35
O00221,C0094,P033,2023-04-13,4,0.27,No,PayPal,2023-04-19,60.5
O00222,C0075,P041,2023-03-17,3,0.09,No,Afterpay,2023-03-19,87.18
O00223,C0062,P025,2024-07-04,3,0.11,No,Credit Card,2024-07-05,31.9
O00224,C0094,P048,2023-08-07,1,0.02,No,PayPal,2023-08-10,49.04
O00225,C0095,P013,2024-06-02,4,0.03,No,Credit Card,2024-06-05,122.44
O00226,C0055,P009,2023-09-29,4,0.15,No,Gift Card,2023-10-05,85.35
O00227,C0137,P013,2023-05-16,3,0.08,No,Gift Card,2023-05-20,122.44
O00228,C0131,P031,2023-12-24,1,0.25,Yes,Credit Card,2023-12-26,79.25999999999999
O00229,C0031,P041,2023-03-12,4,0.0,No,Credit Card,2023-03-14,87.18
O00230,C0040,P011,2023-09-08,2,0.11,No,PayPal,2023-09-10,84.91
O00231,C0036,P004,2024-01-14,3,0.1,No,Credit Card,2024-01-21,34.42
O00232,C0006,P034,2023-10-19,4,0.01,No,Afterpay,2023-10-24,44.849999999999994
O00233,C0066,P038,2023-06-11,2,0.04,No,Afterpay,2023-06-14,69.92
O00234,C0075,P046,2024-03-24,4,0.12,No,Credit Card,2024-03-29,79.94
O00235,C0004,P004,2024-07-10,2,0.15,Yes,Afterpay,2024-07-15,34.42
O00236,C0079,P038,2024-12-21,3,0.12,Yes,Credit Card,2024-12-24,69.92
O00237,C0134,P019,2023-11-06,4,0.16,No,PayPal,2023-11-13,102.82
O00238,C0118,P006,2024-09-18,4,0.18,No,Afterpay,2024-09-20,98.08
O00239,C0113,P034,2024-10-31,1,0.0,No,Afterpay,2024-11-03,44.849999999999994
O00240,C0094,P018,2024-06-25,3,0.14,No,Credit Card,2024-07-02,52.7
O00241,C0062,P013,2023-01-09,2,0.29,No,Afterpay,2023-01-13,122.44
O00242,C0079,P041,2024-11-14,4,0.16,Yes,Gift Card,2024-11-21,87.18
O00243,C0136,P023,2024-07-21,4,0.2,No,PayPal,2024-07-24,99.33
O00244,C0026,P019,2023-11-03,2,0.09,No,PayPal,2023-11-09,102.82
O00245,C0044,P045,2024-11-10,3,0.23,No,Afterpay,2024-11-17,101.5
O00246,C0133,P011,2023-04-17,1,0.23,No,Afterpay,2023-04-20,84.91
O00247,C0070,P001,2023-05-18,1,0.16,No,Gift Card,2023-05-25,80.36
O00248,C0118,P024,2023-09-28,4,0.29,No,Gift Card,2023-09-29,39.699999999999996
O00249,C0068,P007,2023-04-29,2,0.04,No,Afterpay,2023-05-03,74.17
O00250,C0019,P025,2023-04-20,4,0.01,No,Afterpay,2023-04-21,31.9
O00251,C0020,P021,2024-07-20,2,0.23,No,Gift Card,2024-07-22,112.77000000000001
O00252,C0113,P015,2023-06-09,1,0.24,No,Credit Card,2023-06-16,76.07
O00253,C0140,P001,2023-10-06,3,0.04,No,Gift Card,2023-10-08,80.36
O00254,C0047,P012,2023-10-16,2,0.08,No,Credit Card,2023-10-23,72.14
O00255,C0001,P007,2024-09-11,1,0.01,No,PayPal,2024-09-17,74.17
O00256,C0090,P015,2023-08-04,4,0.09,No,PayPal,2023-08-10,76.07
O00257,C0142,P021,2023-12-18,2,0.23,Yes,Gift Card,2023-12-24,112.77000000000001
O00258,C0064,P019,2023-07-28,3,0.16,No,Credit Card,2023-08-01,102.82
O00259,C0038,P029,2024-12-04,4,0.1,No,Gift Card,2024-12-11,110.46000000000001
O00260,C0037,P025,2024-10-11,4,0.11,No,Gift Card,2024-10-18,31.9
O00261,C0126,P033,2023-09-28,1,0.0,No,Credit Card,2023-10-03,60.5
O00262,C0139,P049,2024-06-01,2,0.09,No,Gift Card,2024-06-04,98.42
O00263,C0100,P032,2024-05-15,4,0.19,No,PayPal,2024-05-16,100.69
O00264,C0077,P049,2023-09-15,3,0.29,Yes,Afterpay,2023-09-22,98.42
O00265,C0003,P035,2023-02-22,2,0.25,No,Afterpay,2023-02-26,73.74000000000001
O00266,C0134,P044,2023-04-05,3,0.01,No,Gift Card,2023-04-06,46.43
O00267,C0010,P038,2024-10-11,4,0.27,No,Credit Card,2024-10-14,69.92
O00268,C0005,P026,2024-03-09,3,0.23,No,Credit Card,2024-03-14,80.43
O00269,C0138,P011,2023-10-11,1,0.23,No,PayPal,2023-10-12,84.91
O00270,C0130,P035,2023-02-15,3,0.14,No,Credit Card,2023-02-19,73.74000000000001
O00271,C0013,P008,2023-01-04,2,0.12,No,Credit Card,2023-01-07,88.11000000000001
O00272,C0130,P046,2023-12-08,3,0.09,No,PayPal,2023-12-14,79.94
O00273,C0084,P014,2023-05-14,3,0.02,Yes,Gift Card,2023-05-20,118.75
O00274,C0065,P010,2024-10-14,1,0.07,Yes,Afterpay,2024-10-20,54.739999999999995
O00275,C0063,P002,2023-09-26,3,0.07,No,PayPal,2023-09-29,68.91
O00276,C0101,P046,2023-06-15,3,0.15,No,Gift Card,2023-06-20,79.94
O00277,C0073,P009,2024-03-28,4,0.22,No,PayPal,2024-04-01,85.35
O00278,C0017,P003,2024-07-18,4,0.14,No,Gift Card,2024-07-25,101.80000000000001
O00279,C0009,P021,2024-12-23,2,0.02,No,PayPal,2024-12-29,112.77000000000001
O00280,C0143,P026,2024-03-13,4,0.29,No,Gift Card,2024-03-16,80.43
O00281,C0038,P008,2024-07-28,4,0.28,No,PayPal,2024-07-29,88.11000000000001
O00282,C0094,P048,2023-01-10,4,0.24,No,Gift Card,2023-01-16,49.04
O00283,C0095,P002,2023-04-25,4,0.3,No,PayPal,2023-04-27,68.91
O00284,C0049,P006,2023-03-19,1,0.16,No,Afterpay,2023-03-23,98.08
O00285,C0069,P028,2024-12-08,4,0.29,No,Afterpay,2024-12-09,39.239999999999995
O00286,C0062,P029,2023-06-02,1,0.02,No,Credit Card,2023-06-07,110.46000000000001
O00287,C0078,P026,2024-07-12,1,0.11,No,Gift Card,2024-07-17,80.43
O00288,C0117,P025,2023-02-06,4,0.07,No,PayPal,2023-02-09,31.9
O00289,C0120,P012,2024-01-14,3,0.06,No,Gift Card,2024-01-19,72.14
O00290,C0137,P005,2024-08-19,1,0.04,Yes,Afterpay,2024-08-21,60.28999999999999
O00291,C0076,P034,2024-07-19,3,0.19,Yes,Gift Card,2024-07-25,44.849999999999994
O00292,C0035,P048,2023-06-01,3,0.23,No,PayPal,2023-06-02,49.04
O00293,C0001,P037,2024-03-16,4,0.17,No,Gift Card,2024-03-22,109.78
O00294,C0040,P015,2023-05-11,2,0.04,No,PayPal,2023-05-18,76.07
O00295,C0064,P044,2023-02-12,4,0.24,No,Afterpay,2023-02-16,46.43
O00296,C0150,P036,2023-11-12,2,0.19,No,Afterpay,2023-11-18,70.5
O00297,C0060,P015,2024-01-09,2,0.12,No,Afterpay,2024-01-12,76.07
O00298,C0064,P043,2023-02-10,4,0.2,No,Credit Card,2023-02-16,95.89
O00299,C0093,P048,2024-01-02,4,0.08,No,Afterpay,2024-01-06,49.04
O00300,C0072,P023,2023-08-04,2,0.1,No,Gift Card,2023-08-05,99.33
O00301,C0011,P006,2024-11-29,4,0.28,No,Credit Card,2024-12-01,98.08
O00302,C0105,P046,2023-09-13,2,0.09,No,Afterpay,2023-09-14,79.94
O00303,C0014,P050,2024-11-13,3,0.14,No,Gift Card,2024-11-14,76.82
O00304,C0060,P044,2023-04-16,4,0.27,No,Gift Card,2023-04-19,46.43
O00305,C0030,P043,2023-12-29,3,0.21,No,Gift Card,2024-01-02,95.89
O00306,C0035,P045,2024-07-27,1,0.02,No,PayPal,2024-07-28,101.5
O00307,C0005,P021,2024-02-21,3,0.04,Yes,Credit Card,2024-02-22,112.77000000000001
O00308,C0083,P023,2024-09-27,3,0.0,No,Gift Card,2024-09-29,99.33
O00309,C0123,P043,2023-06-08,2,0.19,No,PayPal,2023-06-13,95.89
O00310,C0078,P016,2023-08-31,3,0.13,No,Afterpay,2023-09-02,83.25
O00311,C0062,P047,2023-06-16,4,0.04,No,Gift Card,2023-06-20,42.32
O00312,C0132,P015,2023-07-01,2,0.29,No,PayPal,2023-07-05,76.07
O00313,C0089,P025,2024-02-27,1,0.16,No,Gift Card,2024-03-01,31.9
O00314,C0042,P036,2023-01-26,4,0.07,No,Credit Card,2023-02-01,70.5
O00315,C0089,P011,2023-07-03,1,0.15,No,Credit Card,2023-07-09,84.91
O00316,C0146,P015,2023-12-07,3,0.2,Yes,Afterpay,2023-12-13,76.07
O00317,C0040,P004,2024-02-26,4,0.02,No,Gift Card,2024-03-02,34.42
O00318,C0072,P021,2024-11-16,4,0.08,No,PayPal,2024-11-20,112.77000000000001
O00319,C0039,P013,2023-09-12,1,0.24,No,Afterpay,2023-09-17,122.44
O00320,C0104,P022,2023-10-01,4,0.14,No,Gift Card,2023-10-07,39.0
O00321,C0014,P019,2023-06-13,4,0.16,No,Afterpay,2023-06-19,102.82
O00322,C0032,P034,2024-12-19,4,0.13,No,PayPal,2024-12-21,44.849999999999994
O00323,C0125,P014,2023-04-21,3,0.01,No,Afterpay,2023-04-25,118.75
O00324,C0097,P004,2024-01-27,1,0.05,No,Afterpay,2024-02-02,34.42
O00325,C0023,P048,2023-02-09,4,0.13,No,Afterpay,2023-02-10,49.04
O00326,C0063,P046,2024-04-26,2,0.06,No,Gift Card,2024-05-03,79.94
O00327,C0143,P027,2023-08-16,2,0.01,No,PayPal,2023-08-20,22.2
O00328,C0145,P029,2023-07-24,2,0.25,No,Credit Card,2023-07-29,110.46000000000001
O00329,C0053,P047,2024-04-16,2,0.29,Yes,Gift Card,2024-04-20,42.32
O00330,C0104,P028,2023-12-25,3,0.24,No,Credit Card,2023-12-28,39.239999999999995
O00331,C0104,P035,2023-11-09,4,0.26,No,Credit Card,2023-11-10,73.74000000000001
O00332,C0039,P008,2023-08-22,1,0.07,Yes,Gift Card,2023-08-28,88.11000000000001
O00333,C0134,P016,2023-08-17,4,0.29,No,Gift Card,2023-08-20,83.25
O00334,C0067,P042,2023-01-25,3,0.06,No,PayPal,2023-01-27,38.07
O00335,C0135,P036,2024-11-06,2,0.29,Yes,PayPal,2024-11-10,70.5
O00336,C0042,P030,2023-07-17,3,0.3,No,Afterpay,2023-07-21,114.87
O00337,C0015,P018,2024-02-13,4,0.21,No,Credit Card,2024-02-15,52.7
O00338,C0111,P002,2023-12-03,1,0.29,Yes,PayPal,2023-12-10,68.91
O00339,C0033,P049,2023-10-13,3,0.17,No,Afterpay,2023-10-16,98.42
O00340,C0038,P013,2023-03-13,1,0.08,No,PayPal,2023-03-14,122.44
O00341,C0097,P004,2023-10-13,3,0.13,Yes,Gift Card,2023-10-19,34.42
O00342,C0033,P026,2023-12-26,1,0.18,No,PayPal,2023-12-29,80.43
O00343,C0086,P025,2024-10-18,1,0.02,No,Credit Card,2024-10-23,31.9
O00344,C0066,P030,2024-06-05,2,0.19,Yes,PayPal,2024-06-11,114.87
O00345,C0010,P011,2024-02-14,1,0.29,No,Credit Card,2024-02-17,84.91
O00346,C0005,P007,2024-11-26,2,0.06,No,Gift Card,2024-11-27,74.17
O00347,C0123,P031,2024-07-03,4,0.24,No,Credit Card,2024-07-07,79.25999999999999
O00348,C0074,P044,2023-12-06,4,0.27,No,PayPal,2023-12-09,46.43
O00349,C0097,P010,2023-01-29,2,0.28,No,Afterpay,2023-01-31,54.739999999999995
O00350,C0118,P039,2023-04-29,2,0.29,No,Gift Card,2023-04-30,112.86
O00351,C0038,P013,2023-09-25,3,0.16,No,PayPal,2023-10-02,122.44
O00352,C0141,P031,2023-07-02,3,0.29,No,Gift Card,2023-07-09,79.25999999999999
O00353,C0047,P007,2024-08-17,3,0.23,No,Gift Card,2024-08-21,74.17
O00354,C0109,P049,2023-09-29,4,0.05,No,PayPal,2023-09-30,98.42
O00355,C0015,P042,2023-02-09,3,0.14,Yes,PayPal,2023-02-15,38.07
O00356,C0136,P042,2023-04-22,1,0.22,Yes,Afterpay,2023-04-24,38.07
O00357,C0005,P036,2024-09-02,1,0.07,No,Gift Card,2024-09-08,70.5
O00358,C0047,P020,2024-03-20,3,0.19,No,Gift Card,2024-03-26,66.98
O00359,C0068,P004,2023-12-20,1,0.2,No,PayPal,2023-12-25,34.42
O00360,C0076,P007,2023-11-18,4,0.05,No,Credit Card,2023-11-19,74.17
O00361,C0130,P001,2024-03-22,1,0.17,No,PayPal,2024-03-23,80.36
O00362,C0095,P044,2024-09-12,4,0.23,No,Gift Card,2024-09-19,46.43
O00363,C0115,P045,2024-06-07,2,0.15,No,PayPal,2024-06-10,101.5
O00364,C0036,P042,2023-04-29,2,0.0,No,Afterpay,2023-05-01,38.07
O00365,C0026,P047,2024-01-30,2,0.0,No,Credit Card,2024-02-01,42.32
O00366,C0043,P013,2024-08-13,2,0.11,No,PayPal,2024-08-20,122.44
O00367,C0027,P022,2023-07-14,1,0.28,No,Afterpay,2023-07-19,39.0
O00368,C0069,P021,2023-09-18,3,0.07,No,Gift Card,2023-09-20,112.77000000000001
O00369,C0148,P022,2023-02-15,1,0.19,No,PayPal,2023-02-16,39.0
O00370,C0011,P028,2024-12-26,4,0.07,No,Gift Card,2025-01-02,39.239999999999995
O00371,C0074,P009,2024-03-22,1,0.1,No,Afterpay,2024-03-29,85.35
O00372,C0104,P026,2023-01-02,1,0.25,Yes,Gift Card,2023-01-07,80.43
O00373,C0038,P009,2024-06-16,4,0.22,No,Afterpay,2024-06-18,85.35
O00374,C0134,P015,2024-07-05,2,0.03,No,Afterpay,2024-07-10,76.07
O00375,C0023,P010,2024-12-04,2,0.13,No,Afterpay,2024-12-06,54.739999999999995
O00376,C0047,P024,2024-11-17,2,0.01,No,PayPal,2024-11-24,39.699999999999996
O00377,C0090,P042,2023-07-21,3,0.14,No,Gift Card,2023-07-28,38.07
O00378,C0046,P008,2024-01-08,4,0.2,No,Gift Card,2024-01-10,88.11000000000001
O00379,C0107,P024,2024-03-17,4,0.04,No,Credit Card,2024-03-20,39.699999999999996
O00380,C0140,P016,2023-03-13,1,0.09,No,Credit Card,2023-03-20,83.25
O00381,C0141,P049,2024-11-11,3,0.12,No,Credit Card,2024-11-13,98.42
O00382,C0104,P026,2023-12-05,2,0.28,No,Credit Card,2023-12-12,80.43
O00383,C0111,P027,2024-09-30,3,0.3,No,Gift Card,2024-10-05,22.2
O00384,C0104,P037,2023-11-18,4,0.01,Yes,Afterpay,2023-11-19,109.78
O00385,C0060,P004,2024-11-10,4,0.23,No,Afterpay,2024-11-13,34.42
O00386,C0100,P050,2023-05-08,1,0.11,No,PayPal,2023-05-15,76.82
O00387,C0068,P024,2023-11-04,1,0.12,No,Afterpay,2023-11-06,39.699999999999996
O00388,C0133,P019,2024-06-03,4,0.23,Yes,Gift Card,2024-06-05,102.82
O00389,C0120,P036,2023-11-13,2,0.28,No,Gift Card,2023-11-18,70.5
O00390,C0037,P039,2024-11-13,2,0.29,No,Gift Card,2024-11-16,112.86
O00391,C0072,P010,2024-02-23,3,0.17,No,PayPal,2024-03-01,54.739999999999995
O00392,C0127,P025,2023-12-01,4,0.11,No,Credit Card,2023-12-03,31.9
O00393,C0106,P018,2024-02-17,4,0.24,No,Afterpay,2024-02-18,52.7
O00394,C0092,P019,2024-12-14,2,0.08,No,Gift Card,2024-12-20,102.82
O00395,C0031,P036,2023-10-30,2,0.17,No,Gift Card,2023-11-06,70.5
O00396,C0122,P010,2024-07-21,4,0.11,Yes,Credit Card,2024-07-22,54.739999999999995
O00397,C0137,P033,2023-05-11,1,0.2,No,Gift Card,2023-05-13,60.5
O00398,C0051,P050,2023-07-16,4,0.07,Yes,Afterpay,2023-07-17,76.82
O00399,C0029,P005,2024-03-06,4,0.06,No,PayPal,2024-03-09,60.28999999999999
O00400,C0040,P047,2024-11-11,2,0.28,No,Gift Card,2024-11-18,42.32
O00401,C0041,P049,2024-01-24,2,0.03,No,Afterpay,2024-01-31,98.42
O00402,C0011,P035,2024-11-24,1,0.15,Yes,Gift Card,2024-11-26,73.74000000000001
O00403,C0001,P044,2023-06-28,1,0.07,No,Credit Card,2023-07-03,46.43
O00404,C0046,P034,2024-09-22,3,0.01,No,Gift Card,2024-09-25,44.849999999999994
O00405,C0101,P033,2024-08-05,4,0.01,No,Gift Card,2024-08-06,60.5
O00406,C0149,P021,2023-11-05,2,0.05,No,PayPal,2023-11-07,112.77000000000001
O00407,C0090,P017,2024-02-20,1,0.26,No,Credit Card,2024-02-23,70.35000000000001
O00408,C0110,P022,2024-07-15,3,0.08,No,Credit Card,2024-07-16,39.0
O00409,C0057,P048,2023-01-01,3,0.29,No,PayPal,2023-01-03,49.04
O00410,C0001,P037,2023-11-08,2,0.17,No,Gift Card,2023-11-14,109.78
O00411,C0063,P015,2023-10-21,2,0.13,Yes,Afterpay,2023-10-25,76.07
O00412,C0055,P035,2023-08-04,3,0.17,No,Credit Card,2023-08-09,73.74000000000001
O00413,C0115,P028,2024-03-16,1,0.16,No,Credit Card,2024-03-17,39.239999999999995
O00414,C0143,P007,2024-08-16,3,0.23,No,Gift Card,2024-08-22,74.17
O00415,C0149,P032,2024-09-13,4,0.08,No,Gift Card,2024-09-14,100.69
O00416,C0053,P011,2024-11-01,4,0.11,Yes,Credit Card,2024-11-05,84.91
O00417,C0137,P010,2023-11-26,2,0.27,No,Gift Card,2023-11-30,54.739999999999995
O00418,C0057,P009,2024-04-21,1,0.28,No,Afterpay,2024-04-28,85.35
O00419,C0117,P014,2024-03-28,1,0.27,No,Credit Card,2024-03-31,118.75
O00420,C0035,P013,2024-03-28,4,0.13,No,Afterpay,2024-04-02,122.44
O00421,C0063,P025,2024-11-22,3,0.23,Yes,Afterpay,2024-11-27,31.9
O00422,C0025,P002,2023-08-07,2,0.14,No,Gift Card,2023-08-08,68.91
O00423,C0090,P035,2024-06-07,3,0.15,No,Afterpay,2024-06-11,73.74000000000001
O00424,C0075,P007,2024-04-29,3,0.06,No,Gift Card,2024-05-04,74.17
O00425,C0038,P021,2023-06-23,3,0.18,No,PayPal,2023-06-25,112.77000000000001
O00426,C0130,P018,2024-11-05,1,0.06,No,Gift Card,2024-11-10,52.7
O00427,C0135,P003,2023-03-28,4,0.1,No,Afterpay,2023-03-29,101.80000000000001
O00428,C0091,P042,2023-10-18,1,0.26,No,PayPal,2023-10-24,38.07
O00429,C0017,P039,2024-06-11,4,0.06,No,Gift Card,2024-06-18,112.86
O00430,C0128,P041,2024-11-10,2,0.02,No,Afterpay,2024-11-17,87.18
O00431,C0108,P049,2024-10-10,2,0.02,No,Credit Card,2024-10-16,98.42
O00432,C0025,P011,2024-09-26,3,0.28,No,Credit Card,2024-10-01,84.91
O00433,C0088,P039,2023-12-10,4,0.15,No,Gift Card,2023-12-13,112.86
O00434,C0029,P024,2023-04-06,4,0.12,No,Gift Card,2023-04-10,39.699999999999996
O00435,C0063,P046,2023-08-29,4,0.24,No,Credit Card,2023-09-04,79.94
O00436,C0150,P019,2024-11-19,3,0.25,No,Afterpay,2024-11-20,102.82
O00437,C0114,P004,2023-11-14,3,0.1,No,Afterpay,2023-11-15,34.42
O00438,C0049,P026,2023-08-19,2,0.21,No,Afterpay,2023-08-23,80.43
O00439,C0081,P038,2023-07-23,1,0.23,No,Gift Card,2023-07-30,69.92
O00440,C0084,P042,2023-05-31,4,0.2,No,PayPal,2023-06-04,38.07
O00441,C0105,P032,2023-01-26,4,0.05,No,PayPal,2023-01-30,100.69
O00442,C0148,P039,2023-02-17,1,0.26,No,PayPal,2023-02-23,112.86
O00443,C0118,P045,2023-09-08,4,0.16,Yes,PayPal,2023-09-09,101.5
O00444,C0086,P046,2024-05-01,3,0.08,No,PayPal,2024-05-05,79.94
O00445,C0063,P036,2024-09-17,3,0.13,No,Gift Card,2024-09-23,70.5
O00446,C0104,P040,2023-03-16,4,0.01,No,Gift Card,2023-03-20,18.78
O00447,C0049,P037,2024-04-11,3,0.04,No,PayPal,2024-04-12,109.78
O00448,C0071,P033,2024-02-29,3,0.23,No,Gift Card,2024-03-01,60.5
O00449,C0001,P036,2024-10-06,4,0.0,No,Gift Card,2024-10-09,70.5
O00450,C0141,P003,2024-08-12,2,0.12,No,PayPal,2024-08-17,101.80000000000001
O00451,C0123,P009,2023-07-19,1,0.16,No,Afterpay,2023-07-21,85.35
O00452,C0062,P008,2024-12-14,3,0.02,No,Gift Card,2024-12-15,88.11000000000001
O00453,C0032,P033,2024-01-29,2,0.29,No,Afterpay,2024-01-31,60.5
O00454,C0029,P006,2024-05-21,3,0.07,No,Gift Card,2024-05-24,98.08
O00455,C0049,P041,2024-02-14,3,0.09,No,Gift Card,2024-02-19,87.18
O00456,C0030,P039,2023-09-07,1,0.09,No,PayPal,2023-09-13,112.86
O00457,C0144,P004,2023-06-01,3,0.07,Yes,Gift Card,2023-06-06,34.42
O00458,C0019,P013,2024-11-02,1,0.0,No,Credit Card,2024-11-07,122.44
O00459,C0018,P049,2024-12-05,1,0.22,Yes,Credit Card,2024-12-11,98.42
O00460,C0001,P002,2023-01-06,1,0.29,No,PayPal,2023-01-09,68.91
O00461,C0078,P005,2023-04-20,2,0.07,No,Afterpay,2023-04-24,60.28999999999999
O00462,C0115,P044,2024-03-11,4,0.2,No,Afterpay,2024-03-16,46.43
O00463,C0113,P027,2023-08-13,2,0.22,No,Afterpay,2023-08-18,22.2
O00464,C0114,P032,2023-06-30,4,0.25,No,Credit Card,2023-07-03,100.69
O00465,C0063,P021,2024-12-13,4,0.13,No,Afterpay,2024-12-17,112.77000000000001
O00466,C0132,P008,2024-06-14,1,0.09,No,Afterpay,2024-06-19,88.11000000000001
O00467,C0129,P038,2024-04-20,3,0.1,No,PayPal,2024-04-25,69.92
O00468,C0008,P008,2023-02-21,1,0.21,No,Afterpay,2023-02-25,88.11000000000001
O00469,C0055,P050,2024-07-24,3,0.25,No,Credit Card,2024-07-25,76.82
O00470,C0103,P003,2023-09-13,4,0.05,No,Credit Card,2023-09-20,101.80000000000001
O00471,C0131,P044,2023-05-05,1,0.11,No,Credit Card,2023-05-11,46.43
O00472,C0032,P003,2024-04-12,3,0.27,Yes,PayPal,2024-04-13,101.80000000000001
O00473,C0010,P022,2023-05-17,2,0.24,No,PayPal,2023-05-24,39.0
O00474,C0110,P006,2024-04-20,3,0.3,No,Gift Card,2024-04-26,98.08
O00475,C0124,P002,2024-11-14,1,0.23,No,Afterpay,2024-11-20,68.91
O00476,C0087,P023,2024-06-27,2,0.12,Yes,PayPal,2024-07-04,99.33
O00477,C0055,P044,2024-07-26,3,0.18,No,Credit Card,2024-07-31,46.43
O00478,C0032,P002,2024-09-01,3,0.2,No,Credit Card,2024-09-07,68.91
O00479,C0135,P038,2023-11-21,3,0.02,No,PayPal,2023-11-28,69.92
O00480,C0093,P017,2024-03-29,3,0.16,No,PayPal,2024-03-31,70.35000000000001
O00481,C0008,P035,2024-09-19,3,0.21,No,PayPal,2024-09-23,73.74000000000001
O00482,C0065,P034,2024-05-31,2,0.05,No,Gift Card,2024-06-04,44.849999999999994
O00483,C0057,P023,2024-03-12,4,0.23,No,Credit Card,2024-03-14,99.33
O00484,C0067,P030,2024-07-15,2,0.18,No,Gift Card,2024-07-19,114.87
O00485,C0072,P008,2024-04-01,2,0.29,No,Gift Card,2024-04-04,88.11000000000001
O00486,C0054,P022,2023-06-12,2,0.01,No,Afterpay,2023-06-19,39.0
O00487,C0067,P044,2024-05-01,4,0.08,No,Credit Card,2024-05-05,46.43
O00488,C0051,P036,2024-04-05,1,0.18,No,Credit Card,2024-04-09,70.5
O00489,C0097,P005,2023-09-23,4,0.09,Yes,PayPal,2023-09-27,60.28999999999999
O00490,C0092,P013,2023-09-11,2,0.21,No,PayPal,2023-09-17,122.44
O00491,C0008,P029,2024-10-14,3,0.23,Yes,Afterpay,2024-10-15,110.46000000000001
O00492,C0035,P031,2023-10-11,3,0.03,Yes,Gift Card,2023-10-14,79.25999999999999
O00493,C0096,P047,2024-06-17,2,0.15,No,PayPal,2024-06-21,42.32
O00494,C0088,P016,2024-05-11,3,0.15,No,PayPal,2024-05-14,83.25
O00495,C0078,P042,2024-10-03,2,0.11,No,Credit Card,2024-10-09,38.07
O00496,C0032,P030,2023-09-02,3,0.28,No,Credit Card,2023-09-05,114.87
O00497,C0120,P016,2023-10-09,4,0.25,Yes,PayPal,2023-10-12,83.25
O00498,C0046,P012,2024-03-26,1,0.21,No,Credit Card,2024-03-28,72.14
O00499,C0144,P017,2023-03-21,1,0.21,No,Afterpay,2023-03-27,70.35000000000001
O00500,C0142,P016,2024-12-31,4,0.14,Yes,PayPal,2025-01-04,83.25
O00501,C0055,P012,2023-10-20,4,0.28,No,Credit Card,2023-10-21,72.14
O00502,C0007,P008,2023-08-29,2,0.21,No,Afterpay,2023-08-30,88.11000000000001
O00503,C0074,P020,2023-10-06,2,0.22,No,Credit Card,2023-10-13,66.98
O00504,C0007,P003,2023-12-10,2,0.26,No,Credit Card,2023-12-11,101.80000000000001
O00505,C0085,P016,2023-11-24,3,0.08,Yes,Credit Card,2023-11-25,83.25
O00506,C0147,P030,2024-07-07,2,0.24,Yes,PayPal,2024-07-11,114.87
O00507,C0112,P045,2023-03-24,4,0.06,No,Gift Card,2023-03-25,101.5
O00508,C0125,P023,2023-05-22,1,0.1,No,Credit Card,2023-05-28,99.33
O00509,C0147,P028,2023-06-04,3,0.1,Yes,Afterpay,2023-06-10,39.239999999999995
O00510,C0036,P040,2023-08-25,2,0.29,No,PayPal,2023-08-28,18.78
O00511,C0029,P005,2024-01-28,3,0.26,Yes,PayPal,2024-02-04,60.28999999999999
O00512,C0082,P020,2024-12-11,3,0.21,No,Afterpay,2024-12-13,66.98
O00513,C0002,P040,2023-06-06,2,0.22,No,Credit Card,2023-06-11,18.78
O00514,C0129,P044,2024-12-24,3,0.17,Yes,Gift Card,2024-12-25,46.43
O00515,C0047,P001,2023-08-08,1,0.28,No,Credit Card,2023-08-13,80.36
O00516,C0148,P030,2023-03-07,4,0.15,No,Afterpay,2023-03-12,114.87
O00517,C0011,P021,2024-02-29,4,0.11,No,PayPal,2024-03-05,112.77000000000001
O00518,C0130,P020,2024-02-22,1,0.05,No,Gift Card,2024-02-25,66.98
O00519,C0119,P006,2023-12-05,3,0.24,No,PayPal,2023-12-11,98.08
O00520,C0140,P022,2024-07-09,2,0.22,No,Afterpay,2024-07-10,39.0
O00521,C0020,P018,2024-04-22,3,0.12,No,Credit Card,2024-04-26,52.7
O00522,C0005,P008,2024-03-01,1,0.01,No,Gift Card,2024-03-04,88.11000000000001
O00523,C0037,P039,2023-03-05,3,0.25,No,PayPal,2023-03-12,112.86
O00524,C0137,P032,2023-07-31,4,0.0,No,PayPal,2023-08-06,100.69
O00525,C0053,P033,2024-03-06,3,0.21,Yes,PayPal,2024-03-13,60.5
O00526,C0099,P016,2024-02-03,1,0.29,No,Credit Card,2024-02-07,83.25
O00527,C0086,P012,2024-08-21,4,0.13,No,Gift Card,2024-08-28,72.14
O00528,C0108,P038,2024-12-13,3,0.07,No,Credit Card,2024-12-19,69.92
O00529,C0024,P034,2023-01-21,3,0.21,No,Credit Card,2023-01-22,44.849999999999994
O00530,C0081,P014,2024-08-12,4,0.25,No,Credit Card,2024-08-15,118.75
O00531,C0120,P036,2024-01-25,2,0.16,No,Afterpay,2024-01-30,70.5
O00532,C0059,P033,2024-05-03,4,0.29,No,Afterpay,2024-05-06,60.5
O00533,C0128,P023,2023-01-07,2,0.02,Yes,Afterpay,2023-01-10,99.33
O00534,C0114,P050,2023-12-27,1,0.15,No,Gift Card,2023-12-28,76.82
O00535,C0115,P045,2023-11-02,1,0.22,No,Credit Card,2023-11-07,101.5
O00536,C0014,P002,2024-02-04,4,0.26,No,Credit Card,2024-02-09,68.91
O00537,C0009,P041,2024-03-05,4,0.05,Yes,Afterpay,2024-03-07,87.18
O00538,C0040,P021,2024-07-05,1,0.24,No,Credit Card,2024-07-07,112.77000000000001
O00539,C0025,P002,2024-07-13,2,0.17,No,Credit Card,2024-07-19,68.91
O00540,C0103,P027,2024-09-09,1,0.12,Yes,PayPal,2024-09-13,22.2
O00541,C0022,P009,2023-08-14,4,0.04,No,Credit Card,2023-08-16,85.35
O00542,C0004,P001,2024-05-14,1,0.26,No,PayPal,2024-05-21,80.36
O00543,C0029,P011,2023-08-13,4,0.05,No,Credit Card,2023-08-14,84.91
O00544,C0109,P003,2023-10-07,4,0.09,No,Gift Card,2023-10-10,101.80000000000001
O00545,C0098,P023,2024-03-22,1,0.09,No,Afterpay,2024-03-29,99.33
O00546,C0037,P026,2024-05-12,2,0.26,No,PayPal,2024-05-17,80.43
O00547,C0075,P004,2023-01-30,3,0.2,No,Afterpay,2023-02-02,34.42
O00548,C0070,P018,2024-02-03,1,0.24,No,PayPal,2024-02-04,52.7
O00549,C0146,P006,2023-12-11,3,0.08,No,PayPal,2023-12-18,98.08
O00550,C0128,P035,2024-11-15,1,0.19,No,PayPal,2024-11-18,73.74000000000001
O00551,C0085,P022,2024-11-26,3,0.17,Yes,Gift Card,2024-12-01,39.0
O00552,C0042,P043,2024-02-19,2,0.25,No,Credit Card,2024-02-21,95.89
O00553,C0100,P015,2023-06-19,2,0.27,No,PayPal,2023-06-26,76.07
O00554,C0041,P022,2024-04-23,1,0.0,No,Gift Card,2024-04-27,39.0
O00555,C0034,P037,2023-05-11,4,0.2,No,PayPal,2023-05-18,109.78
O00556,C0017,P042,2024-09-29,3,0.02,Yes,Credit Card,2024-10-04,38.07
O00557,C0122,P012,2024-06-30,4,0.16,Yes,PayPal,2024-07-07,72.14
O00558,C0076,P047,2023-01-28,4,0.09,No,Gift Card,2023-02-04,42.32
O00559,C0087,P049,2024-02-08,4,0.09,No,Credit Card,2024-02-13,98.42
O00560,C0117,P042,2024-08-29,2,0.11,No,Gift Card,2024-09-03,38.07
O00561,C0106,P038,2024-07-31,1,0.19,No,Credit Card,2024-08-06,69.92
O00562,C0086,P018,2024-11-09,1,0.1,No,Credit Card,2024-11-15,52.7
O00563,C0027,P045,2023-01-28,2,0.22,No,Afterpay,2023-02-02,101.5
O00564,C0057,P035,2023-03-27,2,0.12,No,Afterpay,2023-03-28,73.74000000000001
O00565,C0031,P030,2024-10-20,1,0.02,No,Afterpay,2024-10-25,114.87
O00566,C0134,P024,2024-03-14,4,0.24,No,Credit Card,2024-03-20,39.699999999999996
O00567,C0098,P042,2023-05-19,3,0.09,No,PayPal,2023-05-26,38.07
O00568,C0012,P030,2024-04-17,3,0.13,No,Gift Card,2024-04-23,114.87
O00569,C0053,P014,2023-07-06,3,0.21,No,Gift Card,2023-07-09,118.75
O00570,C0138,P006,2023-02-21,4,0.1,No,Gift Card,2023-02-22,98.08
O00571,C0145,P003,2023-09-24,1,0.02,No,Afterpay,2023-09-26,101.80000000000001
O00572,C0122,P016,2024-01-24,2,0.11,No,Credit Card,2024-01-27,83.25
O00573,C0046,P007,2023-12-02,1,0.28,No,Afterpay,2023-12-08,74.17
O00574,C0064,P014,2023-08-05,4,0.19,No,PayPal,2023-08-12,118.75
O00575,C0130,P009,2024-04-10,2,0.2,No,Credit Card,2024-04-13,85.35
O00576,C0054,P015,2023-12-01,4,0.19,No,Gift Card,2023-12-04,76.07
O00577,C0107,P021,2023-12-12,3,0.06,No,Afterpay,2023-12-15,112.77000000000001
O00578,C0051,P035,2024-01-24,3,0.13,No,Afterpay,2024-01-25,73.74000000000001
O00579,C0036,P002,2023-10-12,4,0.23,Yes,PayPal,2023-10-14,68.91
O00580,C0115,P027,2024-03-07,2,0.03,No,PayPal,2024-03-14,22.2
O00581,C0026,P002,2023-09-16,2,0.08,No,Afterpay,2023-09-18,68.91
O00582,C0029,P035,2023-03-25,1,0.08,No,PayPal,2023-03-30,73.74000000000001
O00583,C0149,P018,2024-04-26,3,0.13,No,Gift Card,2024-05-02,52.7
O00584,C0011,P014,2023-01-20,1,0.29,No,PayPal,2023-01-24,118.75
O00585,C0040,P020,2024-07-06,1,0.02,No,PayPal,2024-07-07,66.98
O00586,C0011,P018,2023-02-23,4,0.16,No,Afterpay,2023-02-25,52.7
O00587,C0113,P010,2023-12-25,4,0.05,No,Afterpay,2023-12-31,54.739999999999995
O00588,C0039,P025,2023-08-18,1,0.29,No,Credit Card,2023-08-24,31.9
O00589,C0054,P002,2024-10-27,3,0.03,No,Credit Card,2024-10-28,68.91
O00590,C0098,P025,2023-03-12,4,0.12,No,Afterpay,2023-03-13,31.9
O00591,C0055,P033,2024-10-29,1,0.22,No,PayPal,2024-11-04,60.5
O00592,C0111,P036,2023-02-11,1,0.21,No,PayPal,2023-02-16,70.5
O00593,C0150,P031,2023-02-01,1,0.13,No,Credit Card,2023-02-03,79.25999999999999
O00594,C0069,P014,2023-09-11,1,0.1,No,Credit Card,2023-09-15,118.75
O00595,C0056,P001,2023-07-24,1,0.12,No,Credit Card,2023-07-28,80.36
O00596,C0033,P046,2023-01-21,1,0.08,No,Gift Card,2023-01-25,79.94
O00597,C0036,P016,2024-09-28,4,0.06,No,Gift Card,2024-10-01,83.25
O00598,C0148,P046,2023-06-06,3,0.14,No,Credit Card,2023-06-08,79.94
O00599,C0081,P003,2023-09-02,1,0.08,No,PayPal,2023-09-05,101.80000000000001
O00600,C0109,P035,2023-05-10,2,0.09,No,Credit Card,2023-05-13,73.74000000000001
O00601,C0073,P041,2024-04-29,4,0.2,No,Gift Card,2024-05-05,87.18
O00602,C0040,P006,2024-11-16,4,0.29,Yes,PayPal,2024-11-19,98.08
O00603,C0017,P025,2023-04-28,1,0.18,No,Gift Card,2023-05-05,31.9
O00604,C0129,P013,2024-07-31,4,0.02,Yes,PayPal,2024-08-05,122.44
O00605,C0061,P034,2023-08-12,1,0.02,No,Gift Card,2023-08-17,44.849999999999994
O00606,C0104,P008,2024-04-21,3,0.29,No,PayPal,2024-04-22,88.11000000000001
O00607,C0042,P021,2024-12-17,3,0.09,No,PayPal,2024-12-18,112.77000000000001
O00608,C0025,P034,2023-09-20,4,0.03,No,PayPal,2023-09-22,44.849999999999994
O00609,C0039,P004,2024-01-13,4,0.18,No,PayPal,2024-01-15,34.42
O00610,C0035,P025,2023-06-21,2,0.19,No,Afterpay,2023-06-28,31.9
O00611,C0131,P015,2024-09-12,4,0.19,No,Gift Card,2024-09-17,76.07
O00612,C0108,P004,2024-09-13,2,0.08,Yes,Gift Card,2024-09-14,34.42
O00613,C0102,P045,2023-04-28,3,0.0,Yes,Afterpay,2023-05-04,101.5
O00614,C0098,P012,2023-06-17,3,0.29,No,PayPal,2023-06-18,72.14
O00615,C0012,P032,2023-11-15,1,0.08,No,PayPal,2023-11-18,100.69
O00616,C0019,P032,2023-04-21,3,0.2,No,Gift Card,2023-04-25,100.69
O00617,C0101,P028,2024-08-15,2,0.21,No,Afterpay,2024-08-21,39.239999999999995
O00618,C0044,P013,2023-01-27,4,0.18,No,PayPal,2023-01-31,122.44
O00619,C0049,P031,2023-11-16,1,0.09,No,PayPal,2023-11-20,79.25999999999999
O00620,C0017,P014,2024-08-12,2,0.08,No,PayPal,2024-08-17,118.75
O00621,C0074,P020,2024-11-24,4,0.18,No,Credit Card,2024-11-28,66.98
O00622,C0057,P018,2024-01-20,1,0.26,No,Afterpay,2024-01-24,52.7
O00623,C0055,P029,2024-02-11,3,0.28,No,PayPal,2024-02-14,110.46000000000001
O00624,C0047,P006,2023-07-23,2,0.03,No,Credit Card,2023-07-25,98.08
O00625,C0012,P032,2023-03-19,4,0.05,No,Afterpay,2023-03-26,100.69
O00626,C0062,P029,2024-08-29,1,0.28,No,PayPal,2024-09-03,110.46000000000001
O00627,C0080,P043,2024-12-08,1,0.22,No,Gift Card,2024-12-09,95.89
O00628,C0083,P002,2024-10-04,3,0.26,No,Credit Card,2024-10-07,68.91
O00629,C0008,P023,2023-09-06,4,0.06,No,Credit Card,2023-09-10,99.33
O00630,C0149,P019,2023-04-15,3,0.18,No,PayPal,2023-04-16,102.82
O00631,C0081,P031,2024-12-14,3,0.21,No,PayPal,2024-12-17,79.25999999999999
O00632,C0118,P005,2023-11-05,4,0.2,Yes,Credit Card,2023-11-11,60.28999999999999
O00633,C0025,P019,2024-12-01,4,0.12,Yes,Gift Card,2024-12-07,102.82
O00634,C0089,P034,2024-09-06,4,0.0,No,Gift Card,2024-09-11,44.849999999999994
O00635,C0012,P010,2023-05-04,2,0.17,No,Afterpay,2023-05-08,54.739999999999995
O00636,C0143,P025,2024-08-02,4,0.08,Yes,PayPal,2024-08-07,31.9
O00637,C0059,P002,2023-02-12,1,0.14,No,Gift Card,2023-02-18,68.91
O00638,C0109,P011,2023-12-22,3,0.29,No,Afterpay,2023-12-25,84.91
O00639,C0026,P050,2024-06-29,2,0.12,No,Gift Card,2024-06-30,76.82
O00640,C0047,P031,2024-03-14,4,0.25,No,PayPal,2024-03-16,79.25999999999999
O00641,C0032,P015,2024-11-08,2,0.06,No,Afterpay,2024-11-12,76.07
O00642,C0010,P009,2024-01-15,4,0.2,No,Afterpay,2024-01-20,85.35
O00643,C0016,P023,2023-03-12,2,0.29,Yes,Afterpay,2023-03-13,99.33
O00644,C0145,P019,2024-06-02,3,0.03,Yes,Gift Card,2024-06-03,102.82
O00645,C0026,P009,2024-10-25,3,0.0,No,PayPal,2024-10-27,85.35
O00646,C0086,P035,2023-12-16,1,0.13,Yes,Afterpay,2023-12-19,73.74000000000001
O00647,C0135,P021,2023-01-13,1,0.03,No,Credit Card,2023-01-15,112.77000000000001
O00648,C0014,P009,2024-03-06,4,0.22,No,PayPal,2024-03-13,85.35
O00649,C0079,P028,2024-05-16,3,0.27,No,Credit Card,2024-05-18,39.239999999999995
O00650,C0117,P046,2023-04-19,2,0.13,No,Credit Card,2023-04-26,79.94
O00651,C0007,P007,2024-03-19,2,0.08,No,Afterpay,2024-03-22,74.17
O00652,C0137,P016,2024-01-06,2,0.13,No,Afterpay,2024-01-09,83.25
O00653,C0115,P016,2024-10-12,1,0.22,No,Gift Card,2024-10-15,83.25
O00654,C0072,P033,2024-04-15,2,0.0,Yes,Gift Card,2024-04-16,60.5
O00655,C0059,P004,2024-12-25,1,0.18,No,Gift Card,2024-12-26,34.42
O00656,C0082,P004,2023-06-06,1,0.18,No,PayPal,2023-06-10,34.42
O00657,C0116,P039,2024-03-21,4,0.19,No,Gift Card,2024-03-27,112.86
O00658,C0146,P040,2023-06-30,2,0.07,No,Credit Card,2023-07-04,18.78
O00659,C0103,P017,2024-06-18,2,0.21,Yes,Gift Card,2024-06-20,70.35000000000001
O00660,C0017,P037,2024-10-28,3,0.03,Yes,Afterpay,2024-10-30,109.78
O00661,C0014,P039,2023-10-04,4,0.06,No,Gift Card,2023-10-08,112.86
O00662,C0108,P029,2024-09-22,3,0.26,No,PayPal,2024-09-27,110.46000000000001
O00663,C0045,P036,2024-07-05,4,0.22,No,PayPal,2024-07-11,70.5
O00664,C0098,P038,2024-05-10,2,0.0,No,Credit Card,2024-05-12,69.92
O00665,C0131,P039,2024-04-21,1,0.07,Yes,PayPal,2024-04-26,112.86
O00666,C0037,P050,2024-03-22,1,0.06,No,Gift Card,2024-03-27,76.82
O00667,C0108,P037,2024-08-29,1,0.08,No,Afterpay,2024-09-05,109.78
O00668,C0039,P035,2023-10-02,1,0.07,No,PayPal,2023-10-08,73.74000000000001
O00669,C0015,P007,2023-11-27,1,0.02,No,Credit Card,2023-12-04,74.17
O00670,C0120,P027,2023-09-09,3,0.14,No,Gift Card,2023-09-12,22.2
O00671,C0004,P028,2023-03-30,4,0.22,No,Credit Card,2023-03-31,39.239999999999995
O00672,C0093,P022,2023-10-13,2,0.18,No,PayPal,2023-10-17,39.0
O00673,C0141,P014,2024-04-06,3,0.2,No,PayPal,2024-04-13,118.75
O00674,C0016,P007,2023-09-07,4,0.02,No,Credit Card,2023-09-13,74.17
O00675,C0108,P037,2024-04-20,1,0.29,No,Gift Card,2024-04-21,109.78
O00676,C0126,P022,2024-08-06,4,0.25,Yes,PayPal,2024-08-10,39.0
O00677,C0055,P005,2024-09-16,4,0.24,No,Afterpay,2024-09-17,60.28999999999999
O00678,C0034,P002,2024-11-15,1,0.25,No,PayPal,2024-11-19,68.91
O00679,C0013,P027,2024-01-24,1,0.28,No,Gift Card,2024-01-25,22.2
O00680,C0141,P021,2023-12-11,1,0.16,No,PayPal,2023-12-18,112.77000000000001
O00681,C0018,P038,2023-01-30,2,0.06,No,Credit Card,2023-02-02,69.92
O00682,C0096,P015,2024-05-21,1,0.19,Yes,PayPal,2024-05-26,76.07
O00683,C0123,P021,2023-11-29,2,0.22,No,PayPal,2023-12-03,112.77000000000001
O00684,C0039,P010,2023-07-06,1,0.22,No,Gift Card,2023-07-11,54.739999999999995
O00685,C0046,P023,2024-05-14,2,0.16,No,Credit Card,2024-05-18,99.33
O00686,C0029,P039,2023-08-06,4,0.02,No,Gift Card,2023-08-12,112.86
O00687,C0062,P005,2023-12-30,3,0.11,No,PayPal,2024-01-05,60.28999999999999
O00688,C0016,P001,2023-09-22,4,0.28,Yes,Afterpay,2023-09-26,80.36
O00689,C0121,P013,2023-12-15,4,0.18,Yes,PayPal,2023-12-18,122.44
O00690,C0010,P021,2023-10-14,1,0.16,No,Gift Card,2023-10-15,112.77000000000001
O00691,C0103,P026,2024-09-02,2,0.08,No,Afterpay,2024-09-06,80.43
O00692,C0084,P050,2024-12-19,3,0.11,No,Gift Card,2024-12-20,76.82
O00693,C0133,P045,2023-10-10,1,0.27,Yes,Gift Card,2023-10-13,101.5
O00694,C0065,P021,2024-07-23,1,0.2,No,Credit Card,2024-07-25,112.77000000000001
O00695,C0003,P018,2023-01-11,1,0.24,No,Afterpay,2023-01-18,52.7
O00696,C0142,P037,2024-06-13,4,0.14,No,PayPal,2024-06-18,109.78
O00697,C0120,P045,2023-07-15,2,0.19,Yes,Gift Card,2023-07-19,101.5
O00698,C0068,P032,2023-03-29,2,0.07,Yes,PayPal,2023-04-05,100.69
O00699,C0146,P036,2023-09-05,3,0.21,No,Credit Card,2023-09-11,70.5
O00700,C0037,P017,2024-02-21,2,0.13,No,Credit Card,2024-02-24,70.35000000000001
O00701,C0073,P035,2024-05-15,2,0.13,No,Afterpay,2024-05-16,73.74000000000001
O00702,C0143,P049,2024-07-22,1,0.19,Yes,Credit Card,2024-07-26,98.42
O00703,C0049,P011,2023-09-04,1,0.28,No,Credit Card,2023-09-11,84.91
O00704,C0121,P021,2024-12-08,4,0.02,No,PayPal,2024-12-09,112.77000000000001
O00705,C0088,P026,2024-05-02,1,0.25,No,Credit Card,2024-05-04,80.43
O00706,C0140,P004,2024-10-23,1,0.09,No,Credit Card,2024-10-27,34.42
O00707,C0037,P034,2024-12-29,1,0.13,No,Gift Card,2025-01-03,44.849999999999994
O00708,C0061,P048,2024-05-17,1,0.01,Yes,Credit Card,2024-05-21,49.04
O00709,C0124,P018,2024-04-03,4,0.09,No,Gift Card,2024-04-08,52.7
O00710,C0039,P040,2023-01-18,1,0.15,No,Credit Card,2023-01-19,18.78
O00711,C0063,P035,2023-04-06,3,0.02,No,Credit Card,2023-04-10,73.74000000000001
O00712,C0046,P041,2023-10-29,3,0.15,No,Afterpay,2023-11-05,87.18
O00713,C0088,P029,2023-08-15,3,0.28,No,Afterpay,2023-08-18,110.46000000000001
O00714,C0011,P029,2024-02-19,3,0.03,Yes,Gift Card,2024-02-25,110.46000000000001
O00715,C0062,P038,2024-12-09,1,0.23,No,Credit Card,2024-12-12,69.92
O00716,C0077,P042,2023-09-07,3,0.12,Yes,PayPal,2023-09-09,38.07
O00717,C0052,P021,2023-11-10,1,0.2,No,Afterpay,2023-11-13,112.77000000000001
O00718,C0004,P042,2024-11-10,4,0.08,No,PayPal,2024-11-17,38.07
O00719,C0059,P013,2024-08-18,3,0.05,No,Afterpay,2024-08-20,122.44
O00720,C0072,P049,2024-01-13,2,0.05,No,Afterpay,2024-01-14,98.42
O00721,C0148,P041,2024-04-29,3,0.02,No,Credit Card,2024-05-04,87.18
O00722,C0093,P017,2024-07-20,3,0.06,No,Afterpay,2024-07-26,70.35000000000001
O00723,C0063,P009,2024-06-27,1,0.2,No,PayPal,2024-06-28,85.35
O00724,C0054,P041,2023-12-19,3,0.26,No,Afterpay,2023-12-24,87.18
O00725,C0117,P001,2024-03-11,2,0.24,No,Gift Card,2024-03-16,80.36
O00726,C0110,P002,2024-07-17,1,0.21,No,Credit Card,2024-07-19,68.91
O00727,C0074,P048,2023-12-05,1,0.03,No,Credit Card,2023-12-12,49.04
O00728,C0107,P029,2023-12-27,4,0.09,No,Gift Card,2023-12-30,110.46000000000001
O00729,C0057,P033,2024-12-20,4,0.09,No,Gift Card,2024-12-23,60.5
O00730,C0003,P010,2024-04-09,3,0.07,No,Gift Card,2024-04-15,54.739999999999995
O00731,C0120,P050,2023-10-05,4,0.15,Yes,Afterpay,2023-10-12,76.82
O00732,C0006,P040,2023-11-10,4,0.16,No,Credit Card,2023-11-16,18.78
O00733,C0005,P021,2023-09-15,4,0.11,Yes,Gift Card,2023-09-22,112.77000000000001
O00734,C0005,P028,2023-08-25,1,0.11,No,Afterpay,2023-08-27,39.239999999999995
O00735,C0054,P011,2023-05-04,1,0.25,No,Gift Card,2023-05-06,84.91
O00736,C0047,P034,2023-07-17,1,0.24,No,PayPal,2023-07-18,44.849999999999994
O00737,C0009,P008,2023-11-20,4,0.09,No,PayPal,2023-11-22,88.11000000000001
O00738,C0099,P022,2023-05-03,1,0.27,No,Credit Card,2023-05-06,39.0
O00739,C0020,P008,2024-07-02,4,0.29,No,Afterpay,2024-07-04,88.11000000000001
O00740,C0122,P049,2024-12-07,1,0.1,No,PayPal,2024-12-09,98.42
O00741,C0061,P015,2023-07-09,1,0.11,No,PayPal,2023-07-14,76.07
O00742,C0123,P017,2023-07-16,2,0.15,No,Afterpay,2023-07-18,70.35000000000001
O00743,C0082,P023,2023-08-10,3,0.28,Yes,Gift Card,2023-08-17,99.33
O00744,C0062,P024,2024-05-10,4,0.26,No,Afterpay,2024-05-17,39.699999999999996
O00745,C0145,P045,2023-10-11,2,0.03,No,Gift Card,2023-10-17,101.5
O00746,C0003,P019,2024-08-26,1,0.12,No,PayPal,2024-08-27,102.82
O00747,C0013,P005,2024-06-21,4,0.17,No,PayPal,2024-06-23,60.28999999999999
O00748,C0120,P032,2024-09-03,1,0.15,No,PayPal,2024-09-10,100.69
O00749,C0125,P044,2023-10-17,3,0.06,Yes,Credit Card,2023-10-23,46.43
O00750,C0089,P001,2023-04-13,2,0.26,No,Credit Card,2023-04-17,80.36
O00751,C0073,P023,2023-07-18,3,0.2,Yes,Credit Card,2023-07-22,99.33
O00752,C0068,P037,2023-10-31,2,0.25,No,Afterpay,2023-11-07,109.78
O00753,C0142,P008,2023-08-21,1,0.26,No,PayPal,2023-08-26,88.11000000000001
O00754,C0101,P013,2024-01-05,3,0.22,No,PayPal,2024-01-12,122.44
O00755,C0098,P008,2023-07-03,3,0.13,Yes,Afterpay,2023-07-08,88.11000000000001
O00756,C0011,P023,2023-11-06,1,0.18,Yes,Credit Card,2023-11-10,99.33
O00757,C0105,P043,2023-01-15,3,0.05,Yes,Afterpay,2023-01-21,95.89
O00758,C0067,P001,2024-12-26,4,0.2,No,Credit Card,2024-12-31,80.36
O00759,C0123,P045,2024-06-30,2,0.05,No,PayPal,2024-07-06,101.5
O00760,C0029,P024,2023-05-10,2,0.21,No,Gift Card,2023-05-16,39.699999999999996
O00761,C0137,P035,2023-10-08,2,0.07,No,Credit Card,2023-10-13,73.74000000000001
O00762,C0076,P024,2023-02-16,4,0.04,No,PayPal,2023-02-19,39.699999999999996
O00763,C0009,P017,2023-02-25,2,0.05,Yes,PayPal,2023-03-04,70.35000000000001
O00764,C0040,P005,2024-07-20,1,0.0,No,Gift Card,2024-07-26,60.28999999999999
O00765,C0025,P020,2023-10-27,3,0.22,No,PayPal,2023-10-30,66.98
O00766,C0005,P021,2024-12-15,4,0.22,No,PayPal,2024-12-17,112.77000000000001
O00767,C0139,P040,2023-05-10,2,0.15,No,Credit Card,2023-05-14,18.78
O00768,C0124,P031,2024-10-15,1,0.05,No,Credit Card,2024-10-16,79.25999999999999
O00769,C0038,P046,2024-05-17,3,0.03,No,Gift Card,2024-05-21,79.94
O00770,C0072,P036,2023-04-16,3,0.01,No,Gift Card,2023-04-20,70.5
O00771,C0133,P011,2023-01-13,4,0.05,No,PayPal,2023-01-19,84.91
O00772,C0090,P015,2024-08-10,4,0.27,No,Credit Card,2024-08-13,76.07
O00773,C0146,P019,2023-10-19,4,0.07,No,Gift Card,2023-10-26,102.82
O00774,C0037,P007,2024-04-25,1,0.11,No,Gift Card,2024-04-28,74.17
O00775,C0060,P028,2024-05-05,1,0.03,No,Afterpay,2024-05-10,39.239999999999995
O00776,C0028,P043,2024-03-27,4,0.07,No,Gift Card,2024-03-28,95.89
O00777,C0081,P005,2023-12-15,2,0.16,No,PayPal,2023-12-18,60.28999999999999
O00778,C0114,P005,2023-07-08,3,0.18,No,Credit Card,2023-07-13,60.28999999999999
O00779,C0040,P030,2023-02-22,3,0.07,No,Gift Card,2023-02-23,114.87
O00780,C0045,P032,2023-09-16,1,0.02,No,Afterpay,2023-09-19,100.69
O00781,C0062,P008,2024-05-04,3,0.12,Yes,Credit Card,2024-05-08,88.11000000000001
O00782,C0093,P010,2023-04-27,2,0.07,No,Gift Card,2023-05-01,54.739999999999995
O00783,C0115,P038,2023-03-08,3,0.07,Yes,Afterpay,2023-03-09,69.92
O00784,C0067,P047,2024-02-15,1,0.29,No,Gift Card,2024-02-16,42.32
O00785,C0056,P032,2024-05-18,1,0.18,No,Credit Card,2024-05-21,100.69
O00786,C0040,P048,2023-03-17,2,0.17,No,Credit Card,2023-03-24,49.04
O00787,C0098,P028,2024-08-13,2,0.12,No,Credit Card,2024-08-16,39.239999999999995
O00788,C0040,P017,2024-10-06,3,0.13,No,PayPal,2024-10-07,70.35000000000001
O00789,C0091,P031,2024-12-03,3,0.16,No,Gift Card,2024-12-09,79.25999999999999
O00790,C0033,P008,2023-02-24,1,0.21,No,PayPal,2023-03-03,88.11000000000001
O00791,C0006,P040,2023-06-05,2,0.21,No,Credit Card,2023-06-12,18.78
O00792,C0147,P025,2023-06-02,2,0.05,No,Afterpay,2023-06-03,31.9
O00793,C0080,P009,2024-07-30,2,0.15,No,Gift Card,2024-08-04,85.35
O00794,C0092,P002,2023-11-08,3,0.12,Yes,PayPal,2023-11-13,68.91
O00795,C0097,P015,2023-03-29,2,0.26,No,Gift Card,2023-04-03,76.07
O00796,C0059,P050,2023-09-12,1,0.19,No,Afterpay,2023-09-16,76.82
O00797,C0059,P003,2023-05-02,1,0.16,No,PayPal,2023-05-06,101.80000000000001
O00798,C0048,P049,2024-07-25,3,0.03,Yes,Credit Card,2024-07-30,98.42
O00799,C0013,P036,2024-03-02,4,0.18,No,PayPal,2024-03-07,70.5
O00800,C0107,P004,2024-09-12,3,0.04,No,Gift Card,2024-09-19,34.42
O00801,C0045,P014,2024-09-02,4,0.1,No,Gift Card,2024-09-08,118.75
O00802,C0089,P041,2024-09-25,2,0.04,No,Gift Card,2024-09-26,87.18
O00803,C0100,P041,2023-08-20,3,0.21,No,Gift Card,2023-08-24,87.18
O00804,C0007,P025,2024-06-19,1,0.06,No,Credit Card,2024-06-26,31.9
O00805,C0133,P050,2024-01-25,2,0.12,No,PayPal,2024-01-30,76.82
O00806,C0045,P010,2024-04-06,1,0.27,No,Credit Card,2024-04-12,54.739999999999995
O00807,C0058,P021,2024-03-29,2,0.06,Yes,Credit Card,2024-03-31,112.77000000000001
O00808,C0031,P036,2023-11-01,3,0.15,No,Credit Card,2023-11-04,70.5
O00809,C0023,P012,2024-08-25,4,0.13,No,Gift Card,2024-08-30,72.14
O00810,C0138,P027,2024-03-15,2,0.01,No,Gift Card,2024-03-19,22.2
O00811,C0107,P040,2023-11-09,4,0.24,No,Gift Card,2023-11-14,18.78
O00812,C0039,P002,2024-08-05,2,0.02,No,PayPal,2024-08-07,68.91
O00813,C0082,P013,2024-09-27,1,0.14,No,Afterpay,2024-09-28,122.44
O00814,C0100,P032,2023-03-03,1,0.17,Yes,Gift Card,2023-03-07,100.69
O00815,C0002,P031,2024-09-16,2,0.19,No,PayPal,2024-09-17,79.25999999999999
O00816,C0077,P016,2023-04-12,4,0.21,No,Gift Card,2023-04-19,83.25
O00817,C0012,P032,2023-08-01,3,0.08,No,Gift Card,2023-08-08,100.69
O00818,C0039,P032,2024-10-02,3,0.0,No,Credit Card,2024-10-05,100.69
O00819,C0013,P034,2023-08-05,1,0.22,No,Credit Card,2023-08-11,44.849999999999994
O00820,C0046,P011,2023-09-28,3,0.16,No,Credit Card,2023-09-29,84.91
O00821,C0113,P010,2024-11-07,1,0.25,No,PayPal,2024-11-12,54.739999999999995
O00822,C0017,P015,2023-03-25,3,0.25,No,Afterpay,2023-03-31,76.07
O00823,C0104,P017,2023-06-10,2,0.25,No,Afterpay,2023-06-12,70.35000000000001
O00824,C0098,P040,2023-09-03,1,0.15,No,PayPal,2023-09-04,18.78
O00825,C0088,P018,2023-06-27,1,0.1,Yes,Gift Card,2023-06-29,52.7
O00826,C0109,P009,2024-07-19,2,0.24,No,PayPal,2024-07-25,85.35
O00827,C0070,P025,2023-03-18,1,0.14,No,Gift Card,2023-03-22,31.9
O00828,C0074,P040,2023-06-10,3,0.06,No,PayPal,2023-06-14,18.78
O00829,C0063,P014,2023-01-03,3,0.26,No,PayPal,2023-01-08,118.75
O00830,C0060,P025,2024-02-23,1,0.26,Yes,PayPal,2024-02-28,31.9
O00831,C0079,P050,2024-04-06,3,0.14,No,Afterpay,2024-04-11,76.82
O00832,C0037,P022,2024-12-06,4,0.02,No,Credit Card,2024-12-08,39.0
O00833,C0022,P030,2024-08-31,1,0.12,No,PayPal,2024-09-03,114.87
O00834,C0148,P020,2024-04-26,2,0.24,No,Afterpay,2024-04-29,66.98
O00835,C0096,P021,2023-10-26,4,0.27,No,Credit Card,2023-10-29,112.77000000000001
O00836,C0068,P044,2023-02-03,1,0.06,No,Credit Card,2023-02-07,46.43
O00837,C0017,P032,2023-08-26,2,0.02,No,PayPal,2023-08-30,100.69
O00838,C0012,P046,2023-10-23,3,0.26,Yes,Gift Card,2023-10-30,79.94
O00839,C0150,P049,2024-12-24,2,0.12,No,Gift Card,2024-12-27,98.42
O00840,C0145,P021,2023-10-17,4,0.16,No,Gift Card,2023-10-23,112.77000000000001
O00841,C0138,P035,2024-12-20,3,0.29,No,PayPal,2024-12-25,73.74000000000001
O00842,C0118,P032,2024-04-09,1,0.02,No,Gift Card,2024-04-10,100.69
O00843,C0022,P030,2023-03-14,3,0.19,Yes,Afterpay,2023-03-21,114.87
O00844,C0120,P039,2024-12-04,1,0.02,No,Afterpay,2024-12-10,112.86
O00845,C0050,P049,2023-08-28,1,0.11,No,Afterpay,2023-09-03,98.42
O00846,C0014,P012,2023-09-28,2,0.24,No,Afterpay,2023-10-01,72.14
O00847,C0029,P041,2024-10-02,2,0.13,Yes,Credit Card,2024-10-03,87.18
O00848,C0125,P047,2024-08-26,2,0.3,No,Afterpay,2024-08-29,42.32
O00849,C0007,P018,2024-11-08,4,0.17,No,Gift Card,2024-11-09,52.7
O00850,C0029,P021,2023-07-22,4,0.1,No,PayPal,2023-07-27,112.77000000000001
O00851,C0139,P013,2024-03-11,2,0.07,No,Gift Card,2024-03-17,122.44
O00852,C0033,P021,2023-04-28,4,0.11,Yes,Afterpay,2023-05-02,112.77000000000001
O00853,C0134,P008,2024-07-11,3,0.11,No,Credit Card,2024-07-14,88.11000000000001
O00854,C0111,P046,2023-08-19,3,0.02,No,Afterpay,2023-08-22,79.94
O00855,C0079,P040,2024-10-25,4,0.11,No,PayPal,2024-10-31,18.78
O00856,C0058,P046,2023-06-02,4,0.14,No,Gift Card,2023-06-09,79.94
O00857,C0026,P007,2023-09-30,3,0.22,No,PayPal,2023-10-06,74.17
O00858,C0029,P023,2023-05-26,1,0.2,No,PayPal,2023-05-31,99.33
O00859,C0004,P044,2023-03-15,3,0.21,Yes,PayPal,2023-03-22,46.43
O00860,C0099,P032,2023-03-03,3,0.0,No,Gift Card,2023-03-05,100.69
O00861,C0141,P011,2023-06-19,4,0.07,No,Afterpay,2023-06-22,84.91
O00862,C0039,P022,2023-11-11,3,0.2,No,PayPal,2023-11-12,39.0
O00863,C0015,P022,2024-09-01,4,0.15,No,Gift Card,2024-09-06,39.0
O00864,C0119,P043,2024-08-05,4,0.0,Yes,Credit Card,2024-08-11,95.89
O00865,C0029,P025,2023-10-23,2,0.24,No,Gift Card,2023-10-25,31.9
O00866,C0075,P022,2024-03-25,3,0.23,No,Credit Card,2024-03-28,39.0
O00867,C0116,P028,2023-05-08,1,0.16,No,Gift Card,2023-05-11,39.239999999999995
O00868,C0032,P029,2024-04-24,2,0.02,No,Afterpay,2024-04-30,110.46000000000001
O00869,C0130,P013,2024-12-06,4,0.23,No,PayPal,2024-12-12,122.44
O00870,C0084,P018,2023-11-08,4,0.18,No,Afterpay,2023-11-14,52.7
O00871,C0022,P002,2024-12-17,1,0.23,No,Gift Card,2024-12-21,68.91
O00872,C0027,P029,2024-02-17,4,0.23,No,PayPal,2024-02-19,110.46000000000001
O00873,C0081,P021,2023-10-06,3,0.24,Yes,Credit Card,2023-10-11,112.77000000000001
O00874,C0126,P015,2024-05-27,2,0.16,No,Gift Card,2024-06-02,76.07
O00875,C0092,P027,2024-07-06,4,0.04,Yes,PayPal,2024-07-07,22.2
O00876,C0021,P050,2024-05-20,4,0.2,No,Credit Card,2024-05-23,76.82
O00877,C0047,P031,2024-03-24,1,0.19,No,Credit Card,2024-03-29,79.25999999999999
O00878,C0101,P015,2023-03-24,3,0.22,Yes,Afterpay,2023-03-28,76.07
O00879,C0084,P023,2024-09-04,4,0.05,No,Gift Card,2024-09-10,99.33
O00880,C0006,P024,2023-02-10,1,0.06,No,Credit Card,2023-02-17,39.699999999999996
O00881,C0147,P044,2024-03-18,4,0.27,No,PayPal,2024-03-21,46.43
O00882,C0131,P013,2023-11-27,1,0.22,Yes,Credit Card,2023-12-04,122.44
O00883,C0001,P022,2024-09-10,1,0.27,No,Credit Card,2024-09-12,39.0
O00884,C0058,P043,2023-09-14,3,0.23,No,Afterpay,2023-09-20,95.89
O00885,C0124,P037,2023-01-27,4,0.18,No,Afterpay,2023-02-02,109.78
O00886,C0015,P033,2023-04-04,3,0.2,No,PayPal,2023-04-11,60.5
O00887,C0064,P003,2023-08-23,1,0.27,No,Afterpay,2023-08-29,101.80000000000001
O00888,C0025,P019,2024-11-21,2,0.17,Yes,Credit Card,2024-11-27,102.82
O00889,C0024,P023,2024-08-12,4,0.19,No,Credit Card,2024-08-17,99.33
O00890,C0012,P029,2024-08-24,2,0.05,No,Afterpay,2024-08-25,110.46000000000001
O00891,C0018,P030,2023-01-22,4,0.14,No,Credit Card,2023-01-28,114.87
O00892,C0015,P039,2024-11-19,3,0.21,No,Credit Card,2024-11-25,112.86
O00893,C0027,P044,2023-10-03,3,0.08,No,PayPal,2023-10-07,46.43
O00894,C0072,P047,2024-08-13,3,0.06,No,Afterpay,2024-08-18,42.32
O00895,C0060,P025,2023-02-11,3,0.09,No,Credit Card,2023-02-14,31.9
O00896,C0145,P037,2023-06-29,3,0.07,No,Afterpay,2023-06-30,109.78
O00897,C0093,P047,2024-04-26,2,0.06,No,PayPal,2024-04-29,42.32
O00898,C0053,P008,2024-06-15,3,0.13,No,Afterpay,2024-06-18,88.11000000000001
O00899,C0008,P042,2024-10-29,1,0.27,No,Credit Card,2024-10-31,38.07
O00900,C0079,P016,2024-03-28,1,0.15,No,Afterpay,2024-03-30,83.25
O00901,C0027,P008,2023-10-12,2,0.06,No,Credit Card,2023-10-15,88.11000000000001
O00902,C0050,P001,2023-07-05,4,0.02,No,Credit Card,2023-07-12,80.36
O00903,C0131,P044,2024-08-22,1,0.21,No,Credit Card,2024-08-26,46.43
O00904,C0093,P005,2024-03-22,4,0.11,No,PayPal,2024-03-24,60.28999999999999
O00905,C0024,P003,2024-10-12,2,0.25,No,Afterpay,2024-10-14,101.80000000000001
O00906,C0060,P001,2024-05-18,4,0.2,No,PayPal,2024-05-20,80.36
O00907,C0122,P004,2023-04-04,4,0.24,Yes,Afterpay,2023-04-06,34.42
O00908,C0131,P040,2024-04-26,4,0.08,No,PayPal,2024-04-27,18.78
O00909,C0148,P035,2023-12-23,4,0.21,No,Gift Card,2023-12-26,73.74000000000001
O00910,C0046,P032,2024-02-23,2,0.08,No,Credit Card,2024-03-01,100.69
O00911,C0015,P042,2023-12-08,1,0.28,No,Credit Card,2023-12-15,38.07
O00912,C0017,P034,2023-11-25,3,0.19,No,PayPal,2023-11-26,44.849999999999994
O00913,C0126,P043,2024-11-17,4,0.1,Yes,Gift Card,2024-11-22,95.89
O00914,C0084,P025,2023-04-18,1,0.08,No,Credit Card,2023-04-25,31.9
O00915,C0009,P010,2023-06-14,1,0.06,No,Afterpay,2023-06-19,54.739999999999995
O00916,C0063,P021,2023-12-04,2,0.21,No,PayPal,2023-12-11,112.77000000000001
O00917,C0117,P046,2024-02-26,1,0.07,No,Credit Card,2024-03-03,79.94
O00918,C0130,P039,2024-12-11,2,0.18,No,Credit Card,2024-12-16,112.86
O00919,C0088,P027,2024-05-22,4,0.08,Yes,PayPal,2024-05-23,22.2
O00920,C0072,P027,2023-10-23,4,0.2,No,PayPal,2023-10-29,22.2
O00921,C0139,P002,2024-11-09,3,0.24,No,Afterpay,2024-11-12,68.91
O00922,C0064,P041,2024-02-15,3,0.23,No,Afterpay,2024-02-22,87.18
O00923,C0072,P048,2024-07-17,3,0.23,No,Credit Card,2024-07-22,49.04
O00924,C0021,P013,2023-02-07,1,0.06,No,Credit Card,2023-02-09,122.44
O00925,C0018,P009,2024-04-10,4,0.03,Yes,PayPal,2024-04-15,85.35
O00926,C0064,P036,2023-04-01,2,0.21,No,Credit Card,2023-04-05,70.5
O00927,C0082,P022,2023-11-19,3,0.11,Yes,Credit Card,2023-11-21,39.0
O00928,C0110,P042,2023-09-16,2,0.13,Yes,PayPal,2023-09-18,38.07
O00929,C0095,P026,2023-11-28,2,0.01,No,Credit Card,2023-11-30,80.43
O00930,C0032,P012,2023-04-29,3,0.08,No,Credit Card,2023-05-06,72.14
O00931,C0011,P017,2024-02-18,4,0.01,No,Gift Card,2024-02-24,70.35000000000001
O00932,C0045,P014,2024-06-10,3,0.26,No,Afterpay,2024-06-17,118.75
O00933,C0033,P014,2023-01-02,2,0.07,No,PayPal,2023-01-07,118.75
O00934,C0102,P034,2024-11-04,3,0.17,Yes,Gift Card,2024-11-11,44.849999999999994
O00935,C0136,P020,2024-07-09,2,0.01,Yes,Afterpay,2024-07-11,66.98
O00936,C0011,P011,2024-04-18,2,0.2,Yes,Afterpay,2024-04-24,84.91
O00937,C0088,P016,2024-02-28,3,0.1,No,Afterpay,2024-03-03,83.25
O00938,C0041,P031,2023-02-25,1,0.27,No,Gift Card,2023-02-26,79.25999999999999
O00939,C0145,P006,2023-07-12,3,0.27,No,Gift Card,2023-07-16,98.08
O00940,C0076,P019,2024-06-14,1,0.1,Yes,Afterpay,2024-06-17,102.82
O00941,C0121,P037,2024-01-06,2,0.27,No,Credit Card,2024-01-12,109.78
O00942,C0046,P004,2024-09-29,2,0.3,No,Credit Card,2024-10-05,34.42
O00943,C0080,P047,2024-05-25,1,0.25,No,Gift Card,2024-05-27,42.32
O00944,C0054,P004,2024-10-02,2,0.25,Yes,Gift Card,2024-10-06,34.42
O00945,C0086,P020,2024-03-28,1,0.07,No,Gift Card,2024-04-02,66.98
O00946,C0092,P010,2023-02-22,1,0.17,Yes,Afterpay,2023-02-25,54.739999999999995
O00947,C0148,P024,2023-07-28,2,0.02,Yes,Credit Card,2023-08-04,39.699999999999996
O00948,C0097,P035,2023-10-01,4,0.03,No,Gift Card,2023-10-07,73.74000000000001
O00949,C0002,P026,2024-07-16,1,0.3,No,Gift Card,2024-07-23,80.43
O00950,C0033,P037,2023-05-15,3,0.1,No,PayPal,2023-05-19,109.78
O00951,C0077,P038,2023-10-22,3,0.22,No,Afterpay,2023-10-24,69.92
O00952,C0116,P021,2024-03-24,2,0.24,No,PayPal,2024-03-29,112.77000000000001
O00953,C0150,P040,2024-12-16,4,0.26,No,Credit Card,2024-12-18,18.78
O00954,C0103,P039,2024-05-11,2,0.3,Yes,PayPal,2024-05-14,112.86
O00955,C0103,P021,2023-05-05,4,0.07,No,PayPal,2023-05-12,112.77000000000001
O00956,C0090,P010,2023-01-30,1,0.01,No,PayPal,2023-02-06,54.739999999999995
O00957,C0122,P038,2024-10-07,1,0.12,Yes,Afterpay,2024-10-11,69.92
O00958,C0143,P046,2024-09-15,1,0.04,Yes,Credit Card,2024-09-22,79.94
O00959,C0106,P004,2023-09-03,1,0.01,No,PayPal,2023-09-05,34.42
O00960,C0119,P045,2024-12-27,3,0.11,No,Afterpay,2024-12-30,101.5
O00961,C0049,P020,2023-06-12,3,0.24,No,Credit Card,2023-06-18,66.98
O00962,C0104,P017,2023-11-15,2,0.17,No,Gift Card,2023-11-20,70.35000000000001
O00963,C0061,P007,2024-07-18,4,0.09,No,PayPal,2024-07-22,74.17
O00964,C0123,P004,2023-01-15,1,0.2,Yes,Credit Card,2023-01-19,34.42
O00965,C0134,P029,2024-07-19,1,0.07,No,PayPal,2024-07-26,110.46000000000001
O00966,C0009,P014,2024-02-22,4,0.0,No,Gift Card,2024-02-25,118.75
O00967,C0006,P003,2023-04-06,4,0.23,Yes,Credit Card,2023-04-13,101.80000000000001
O00968,C0073,P024,2023-08-19,2,0.19,No,Afterpay,2023-08-23,39.699999999999996
O00969,C0103,P037,2023-04-27,4,0.23,No,Credit Card,2023-05-02,109.78
O00970,C0041,P016,2024-04-17,1,0.01,No,Afterpay,2024-04-22,83.25
O00971,C0114,P004,2023-05-01,1,0.25,No,Credit Card,2023-05-05,34.42
O00972,C0008,P024,2024-10-25,1,0.19,No,Afterpay,2024-10-27,39.699999999999996
O00973,C0072,P034,2023-06-07,1,0.17,No,Gift Card,2023-06-14,44.849999999999994
O00974,C0092,P030,2024-05-25,1,0.19,Yes,Gift Card,2024-05-27,114.87
O00975,C0062,P018,2023-10-26,2,0.26,No,Gift Card,2023-11-02,52.7
O00976,C0084,P019,2024-06-05,1,0.18,No,Credit Card,2024-06-10,102.82
O00977,C0062,P031,2024-12-23,2,0.17,No,Gift Card,2024-12-25,79.25999999999999
O00978,C0111,P019,2023-10-07,1,0.3,No,PayPal,2023-10-14,102.82
O00979,C0127,P049,2024-03-01,3,0.23,No,Gift Card,2024-03-04,98.42
O00980,C0007,P046,2024-05-09,3,0.13,No,Afterpay,2024-05-10,79.94
O00981,C0084,P019,2024-04-28,3,0.21,Yes,Afterpay,2024-05-04,102.82
O00982,C0132,P022,2023-09-07,3,0.12,No,Afterpay,2023-09-11,39.0
O00983,C0134,P024,2024-04-12,2,0.07,No,Credit Card,2024-04-19,39.699999999999996
O00984,C0058,P045,2024-07-18,2,0.18,No,PayPal,2024-07-21,101.5
O00985,C0022,P012,2023-05-29,4,0.28,No,Gift Card,2023-06-03,72.14
O00986,C0127,P030,2024-01-28,1,0.28,No,PayPal,2024-01-29,114.87
O00987,C0003,P038,2023-07-15,3,0.1,No,PayPal,2023-07-21,69.92
O00988,C0127,P031,2024-09-05,2,0.16,No,Afterpay,2024-09-12,79.25999999999999
O00989,C0041,P036,2024-06-04,1,0.06,No,Afterpay,2024-06-09,70.5
O00990,C0106,P019,2023-05-20,1,0.3,No,Afterpay,2023-05-27,102.82
O00991,C0014,P048,2023-03-13,2,0.29,No,Credit Card,2023-03-14,49.04
O00992,C0012,P045,2023-10-10,3,0.19,No,PayPal,2023-10-13,101.5
O00993,C0087,P036,2024-02-29,4,0.24,No,PayPal,2024-03-01,70.5
O00994,C0012,P030,2023-12-15,1,0.21,No,Credit Card,2023-12-22,114.87
O00995,C0141,P049,2024-06-03,4,0.18,No,Credit Card,2024-06-05,98.42
O00996,C0025,P033,2023-10-01,3,0.02,No,Credit Card,2023-10-04,60.5
O00997,C0045,P018,2023-01-03,3,0.14,No,PayPal,2023-01-07,52.7
O00998,C0122,P049,2023-10-17,4,0.2,No,PayPal,2023-10-22,98.42
O00999,C0147,P028,2023-11-02,3,0.2,No,Afterpay,2023-11-04,39.239999999999995
O01000,C0055,P047,2024-08-24,1,0.11,No,Afterpay,2024-08-31,42.32
